"0","julia_install_package(""LinearAlgebra"")            # Installs Julia package"
"1","NULL
"
"0","julia_library(""LinearAlgebra"")                    # Loads Julia package"
"1","$stdout
"
"1","NULL
"
"1","
"
"1","$out
"
"1","NULL
"
"1","
"
"1","attr(,""class"")"
"1","
"
"1","[1]"
"1"," ""JuliaOutput"""
"1","
"
"0","julia_source(""code/juliaR2.jl"") #  loads the Julia code in Julia:"
"0","# function R2(σ²ᵧ, β, Σ)"
"0","#     SST = σ²ᵧ + β'*Σ*β"
"0","#     SSR = β'*Σ*β"
"0","#     return SSR/SST"
"0","# end"
"0",""
"0","# This is the R function definition, wrapping the Julia function"
"0","R2 <- function(sigma2y, beta_, Sigma){"
"0","  return(julia_call(""R2"", sigma2y, beta_, Sigma))"
"0","}"
"0",""
"0","# Now we can call the R2 function as if it was R:"
"0","sigma2y = 1"
"0","beta_ = rnorm(2,0,1)"
"0","Sigma = matrix(c(1,0.5,0.5,1),2,2)"
"0","R2val = R2(sigma2y, beta_, Sigma)"
