{"chunk_definitions":[{"row":32,"row_count":1,"visible":true,"expansion_state":0,"options":{"engine":"julia","label":"unnamed-chunk-11","dev":"png"},"document_id":"EC98E1FE","chunk_id":"cl8ros3wym4tg","chunk_label":"unnamed-chunk-2"},{"row":49,"row_count":1,"visible":true,"expansion_state":0,"options":{"engine":"julia","label":"unnamed-chunk-12","dev":"png"},"document_id":"4AB2939A","chunk_id":"cxobs9t79vg2t","chunk_label":"unnamed-chunk-3"},{"row":53,"row_count":1,"visible":true,"expansion_state":0,"options":{"engine":"julia","label":"unnamed-chunk-13","dev":"png"},"document_id":"4AB2939A","chunk_id":"cgo2leeva0nyq","chunk_label":"unnamed-chunk-4"},{"row":59,"row_count":1,"visible":true,"expansion_state":0,"options":{"engine":"julia","label":"unnamed-chunk-14","dev":"png"},"document_id":"4AB2939A","chunk_id":"cfsspjefidi0c","chunk_label":"unnamed-chunk-5"},{"row":65,"row_count":1,"visible":true,"expansion_state":0,"options":{"engine":"julia","label":"unnamed-chunk-15","dev":"png"},"document_id":"4AB2939A","chunk_id":"cb6qcj1wq0y02","chunk_label":"unnamed-chunk-6"},{"row":71,"row_count":1,"visible":true,"expansion_state":0,"options":{"engine":"julia","label":"unnamed-chunk-16","dev":"png"},"document_id":"EC98E1FE","chunk_id":"cpx8g99nex8tz","chunk_label":"unnamed-chunk-7"},{"row":87,"row_count":1,"visible":true,"expansion_state":0,"options":{"engine":"julia","label":"unnamed-chunk-17","dev":"png"},"document_id":"4AB2939A","chunk_id":"cx9quo5yzehco","chunk_label":"unnamed-chunk-8"},{"row":16,"row_count":1,"visible":true,"expansion_state":0,"options":{"engine":"julia","label":"unnamed-chunk-20","dev":"png"},"document_id":"4AB2939A","chunk_id":"cpxp6864vf7j1","chunk_label":"unnamed-chunk-1"}],"doc_write_time":1755166740}