{
  "hash": "6b38f162d17f686c235840a67c90f9a7",
  "result": {
    "engine": "jupyter",
    "markdown": "---\ntitle: \"Statistics with Julia\"\nauthor: \"Mattias Villani\"\neditor: visual\n---\n\n## Statistical distributions\n\n-   Julia has a fantastic unified system for statistical distributions, implemented mainly in the `Distributions.jl` package.\n\n-   Similar to Python, but different from R, **distributions are objects**.\n\n-   We can call functions on a `dist = Normal()` object, for example\n\n    -   `pdf(dist, 2.0)` computes the pdf at `x=2.0`\n\n    -   `cdf(dist, 2.0)` computes the cdf at `x=2.0`\n\n    -   `rand(dist)` generates random numbers from N(0,1)\n\n    -   `mean(dist)` and `var(dist)` returns the mean and variance.\n\n\n    ::: {#37a1d9e4 .cell execution_count=1}\n    ``` {.julia .cell-code}\n    using Distributions\n    dist = Normal(1,3) \n    pdf(dist, 0)\n    cdf(dist, 0) \n    quantile(dist, 0.5)\n    rand(dist, 10) \n    ```\n    \n    ::: {.cell-output .cell-output-display execution_count=2}\n    ```\n    10-element Vector{Float64}:\n      3.85518075958924\n      0.3929149904692296\n      5.591344959436813\n     -4.352515525717326\n     -2.481811222302205\n     -1.092084900621999\n     -1.3110149146960683\n      0.32403752369845795\n      0.8145392548148882\n      0.904832550064212\n    ```\n    :::\n    :::\n    \n    \n-   Scale-locations families are generated by addition and multiplication\n\n\n    ::: {#b71f512c .cell execution_count=2}\n    ``` {.julia .cell-code}\n    using Distributions\n    \n    1 + 2*TDist(3)\n    TDist(μ, σ, ν) = μ + σ*TDist(ν)\n    TDist(3)\n    dist = TDist(1, 2, 3)\n    pdf(dist, 0)\n    ```\n    \n    ::: {.cell-output .cell-output-display execution_count=3}\n    ```\n    0.1565904555044143\n    ```\n    :::\n    :::\n    \n    \n## Optimization and Autodiff\n\nThe [Optim.jl](https://julianlsolvers.github.io/Optim.jl/stable/) package is the main package for numerical function optimization.\n\n## Working with R in Julia\n\nThe [Rcall.jl](https://juliainterop.github.io/RCall.jl/stable/) package makes it possible to use R code, functions and packages from a Julia program.\n\n",
    "supporting": [
      "distributions_files"
    ],
    "filters": [],
    "includes": {}
  }
}