{"title":"Statistics with Julia","markdown":{"yaml":{"title":"Statistics with Julia","author":"Mattias Villani","editor":"visual"},"headingText":"Statistical distributions","containsRefs":false,"markdown":"\n\n\n-   Julia has a fantastic unified system for statistical distributions, implemented mainly in the `Distributions.jl` package.\n\n-   Similar to Python, but different from R, **distributions are objects**.\n\n    -   `Normal(2,4)` is a $N(2,4^2)$ distribution object.\n\n    -   `Poisson(4)` is a $\\mathrm{Poisson}(4)$ distribution object.\n\n    ```{julia}\n    using Distributions\n    dist = Normal(1,3)\n    ```\n\n-   We can call functions on distribution objects.\n\n-   Evaluate the **pdf** at a point $x=0$:\n\n    ```{julia}\n    pdf(dist, 0)\n    ```\n\n-   Evaluate the cumulative distribution function (**cdf**)\n\n    ```{julia}\n    cdf(dist, 0) \n    ```\n\n-   Compute **quantiles**\n\n    ```{julia}\n    quantile(dist, [0.025, 0.5, 0.975])\n\n    ```\n\n-   Generate **random numbers**\n\n    ```{julia}\n    rand(dist, 10) \n    ```\n\n-   **Location-Scale families** are generated by addition and multiplication\n\n```{julia}\nusing Distributions\n1 + 2*TDist(3)\n```\n\nso one can easily define location-scale version\n\n```{julia}\nTDist(μ, σ, ν) = μ + σ*TDist(ν)\ndist = TDist(1, 2, 3)\npdf(dist, 0)\n```\n\n-   **Mixtures** can be built up from component distributions with `MixtureModel`\n\n```{julia}\n\n# Mixture of two normals\nmixdist = MixtureModel([Normal(0, 1), Normal(5, 3)], [0.3, 0.7])\npdf(mixdist, 1.0)\nquantile(mixdist, [0.025, 0.5, 0.975])\n```\n\n```{julia}\n# Any number of mixture components, also discrete.\nmixdist = MixtureModel([Poisson(1), NegativeBinomial(2,0.3), Geometric(0.4)], [0.1, 0.2, 0.7])\npdf(mixdist, 4)\n```\n\n-   **Truncation**\n\n```{julia}\nusing Plots\n# Normal(0,1) truncated to [-1,1]\ndist = Truncated(Normal(0,1), -1, 1)\nxgrid = range(quantile(dist, 0.001), quantile(dist, 0.999), length = 500)\nplot(xgrid, pdf.(dist, xgrid), lw = 2)\n```\n\n```{julia}\n# Gamma truncated from below at 1\ndist = Truncated(Gamma(2,2), 1, Inf)\nxgrid = range(0, quantile(dist, 0.999), length = 500)\nplot(xgrid, pdf.(dist, xgrid), lw = 2)\n```\n\n-   **Censoring**\n\n    ```{julia}\n    # Censored Weibull\n    cdfval = cdf(Weibull(2,2),3)\n    println(\"cdf at x=3 of Weibull without truncation is $(cdfval)\")\n    dist = censored(Weibull(2,2), upper = 3)\n    println(\"cdf at x=3 of Weibull with truncation at x=3 is $(cdf(dist,3))\")\n    println(\"pdf at x=3 of Weibull with truncation at x=3 is $(pdf(dist,3))\")\n    ```\n\nWe can plot this by adding the extra point mass at the truncation point:\n\n```{julia}\ndist = censored(Weibull(2,2), upper = 3)\nplot(0:0.01:4, pdf.(dist, 0:0.01:4), lw = 2)\n\n# Point mass\nplot!([3, 3], [0, pdf(dist,3)], lw=3, color=:indianred, legend=false)\nscatter!([3], [pdf(dist,3)], m = :circle, mc = :indianred, ms = 8, \n  lc = :indianred, lw=2)\n```\n\n## Optimization and Autodiff\n\nThe [Optim.jl](https://julianlsolvers.github.io/Optim.jl/stable/) package is the main package for numerical function optimization.\n\nAs a simple example, consider finding the maximum likelihood estimate in Poisson regression with the BFGS optimizer.\n\nFirst, let us simulate some data from a Poisson regression model with an intercept and three covariates:\n\n```{julia}\nusing Plots, Distributions, LinearAlgebra, Optim, ForwardDiff, Random, LaTeXStrings\n\n# Generate data from Poisson regression with β = [1,-1,1,-1]\nn = 500\np = 4\nX = [ones(n,1) randn(n,p-1)]\nβ = 0.5*[1,-1,1,-1]\nλ = exp.(X*β)\ny = rand.(Poisson.(λ));\nscatter(X[:,2], y, title = \"Scatter of y against the first covariate\", \n  xlabel = L\"x_1\", ylabel = L\"y\")\n```\n\nTo find the ML estimate we need to define the log-likelihood function:\n\n```{julia}\n# Setting up the log likelihood function for Poisson regression\nfunction poisreg_loglik(β, y, X)                        \n    return sum(logpdf.(Poisson.(exp.(X*β)), y))\nend\npoisreg_loglik(β, y, X) # Test drive the function to see that it works.\n```\n\nWe can now use the `maximize` function to find the ML estimate:\n\n-   the algorithm starts at the random initial value $\\beta_0$.\n\n-   the first argument in the function call is the log-likelihood function as an anonymous function of the single argument, the vector $\\beta$.\n\n-   the argument `autodiff = :forward` tells Julia to use automatic differentiation from the `ForwardDiff.jl` package to find the gradient vector, which is then used in the algorithm for finding the maximum.\n\n-   the output from the `maximize` function is an object with information about the optimization result. The field `maximizer` contains the $\\beta$ that maximizes the log-likelihood function.\n\n```{julia}\n# Find the MLE of β using Optim.jl\nβ₀ = randn(p) # Initial guess for the optimization\noptres = maximize(β -> poisreg_loglik(β, y, X), β₀, BFGS(), \n  autodiff = :forward)\nβmle = Optim.maximizer(optres)\n```\n\nWe can approximate the **standard errors of the ML estimator** using the Hessian of the log-likelihood. This matrix of second partial derivatives can also be obtained from automatic differentiation. The diagonal elements of the negative inverse Hessian approximates the variance of the individual $\\hat\\beta_j$ estimates:\n\n```{julia}\n# Compute Hessian to get approximate standard errors\nH(β) = ForwardDiff.hessian(β -> poisreg_loglik(β, y, X), β)\nΩᵦ = Symmetric(-inv(H(βmle))) # This approximates the covariance matrix of MLE\ndiag(Ωᵦ) # Diagonal elements are the variances of the MLEs\nse = sqrt.(diag(Ωᵦ)) # Standard errors of the MLEs\nprintln(\"βmle: \\n\", round.(βmle, digits = 3))\nprintln(\"Standard errors: \\n\", round.(se, digits = 3))\n```\n\nNote how the `ForwardDiff.jl` package computes the Hessian matrix as function, which can then be rapidly evaluated for any $\\beta$ vector. Similarly, we can obtain the gradient as an explicit function and check that it is (numerically close to) the zero vector at the ML estimate:\n\n```{julia}\n∂loglik(β) = ForwardDiff.gradient(β -> poisreg_loglik(β, y, X), β)\n∂loglik(β₀) # Gradient at the initial value, just because we can.\n∂loglik(βmle) # Gradient at the MLE, should be close to zero\n```\n","srcMarkdownNoYaml":"\n\n## Statistical distributions\n\n-   Julia has a fantastic unified system for statistical distributions, implemented mainly in the `Distributions.jl` package.\n\n-   Similar to Python, but different from R, **distributions are objects**.\n\n    -   `Normal(2,4)` is a $N(2,4^2)$ distribution object.\n\n    -   `Poisson(4)` is a $\\mathrm{Poisson}(4)$ distribution object.\n\n    ```{julia}\n    using Distributions\n    dist = Normal(1,3)\n    ```\n\n-   We can call functions on distribution objects.\n\n-   Evaluate the **pdf** at a point $x=0$:\n\n    ```{julia}\n    pdf(dist, 0)\n    ```\n\n-   Evaluate the cumulative distribution function (**cdf**)\n\n    ```{julia}\n    cdf(dist, 0) \n    ```\n\n-   Compute **quantiles**\n\n    ```{julia}\n    quantile(dist, [0.025, 0.5, 0.975])\n\n    ```\n\n-   Generate **random numbers**\n\n    ```{julia}\n    rand(dist, 10) \n    ```\n\n-   **Location-Scale families** are generated by addition and multiplication\n\n```{julia}\nusing Distributions\n1 + 2*TDist(3)\n```\n\nso one can easily define location-scale version\n\n```{julia}\nTDist(μ, σ, ν) = μ + σ*TDist(ν)\ndist = TDist(1, 2, 3)\npdf(dist, 0)\n```\n\n-   **Mixtures** can be built up from component distributions with `MixtureModel`\n\n```{julia}\n\n# Mixture of two normals\nmixdist = MixtureModel([Normal(0, 1), Normal(5, 3)], [0.3, 0.7])\npdf(mixdist, 1.0)\nquantile(mixdist, [0.025, 0.5, 0.975])\n```\n\n```{julia}\n# Any number of mixture components, also discrete.\nmixdist = MixtureModel([Poisson(1), NegativeBinomial(2,0.3), Geometric(0.4)], [0.1, 0.2, 0.7])\npdf(mixdist, 4)\n```\n\n-   **Truncation**\n\n```{julia}\nusing Plots\n# Normal(0,1) truncated to [-1,1]\ndist = Truncated(Normal(0,1), -1, 1)\nxgrid = range(quantile(dist, 0.001), quantile(dist, 0.999), length = 500)\nplot(xgrid, pdf.(dist, xgrid), lw = 2)\n```\n\n```{julia}\n# Gamma truncated from below at 1\ndist = Truncated(Gamma(2,2), 1, Inf)\nxgrid = range(0, quantile(dist, 0.999), length = 500)\nplot(xgrid, pdf.(dist, xgrid), lw = 2)\n```\n\n-   **Censoring**\n\n    ```{julia}\n    # Censored Weibull\n    cdfval = cdf(Weibull(2,2),3)\n    println(\"cdf at x=3 of Weibull without truncation is $(cdfval)\")\n    dist = censored(Weibull(2,2), upper = 3)\n    println(\"cdf at x=3 of Weibull with truncation at x=3 is $(cdf(dist,3))\")\n    println(\"pdf at x=3 of Weibull with truncation at x=3 is $(pdf(dist,3))\")\n    ```\n\nWe can plot this by adding the extra point mass at the truncation point:\n\n```{julia}\ndist = censored(Weibull(2,2), upper = 3)\nplot(0:0.01:4, pdf.(dist, 0:0.01:4), lw = 2)\n\n# Point mass\nplot!([3, 3], [0, pdf(dist,3)], lw=3, color=:indianred, legend=false)\nscatter!([3], [pdf(dist,3)], m = :circle, mc = :indianred, ms = 8, \n  lc = :indianred, lw=2)\n```\n\n## Optimization and Autodiff\n\nThe [Optim.jl](https://julianlsolvers.github.io/Optim.jl/stable/) package is the main package for numerical function optimization.\n\nAs a simple example, consider finding the maximum likelihood estimate in Poisson regression with the BFGS optimizer.\n\nFirst, let us simulate some data from a Poisson regression model with an intercept and three covariates:\n\n```{julia}\nusing Plots, Distributions, LinearAlgebra, Optim, ForwardDiff, Random, LaTeXStrings\n\n# Generate data from Poisson regression with β = [1,-1,1,-1]\nn = 500\np = 4\nX = [ones(n,1) randn(n,p-1)]\nβ = 0.5*[1,-1,1,-1]\nλ = exp.(X*β)\ny = rand.(Poisson.(λ));\nscatter(X[:,2], y, title = \"Scatter of y against the first covariate\", \n  xlabel = L\"x_1\", ylabel = L\"y\")\n```\n\nTo find the ML estimate we need to define the log-likelihood function:\n\n```{julia}\n# Setting up the log likelihood function for Poisson regression\nfunction poisreg_loglik(β, y, X)                        \n    return sum(logpdf.(Poisson.(exp.(X*β)), y))\nend\npoisreg_loglik(β, y, X) # Test drive the function to see that it works.\n```\n\nWe can now use the `maximize` function to find the ML estimate:\n\n-   the algorithm starts at the random initial value $\\beta_0$.\n\n-   the first argument in the function call is the log-likelihood function as an anonymous function of the single argument, the vector $\\beta$.\n\n-   the argument `autodiff = :forward` tells Julia to use automatic differentiation from the `ForwardDiff.jl` package to find the gradient vector, which is then used in the algorithm for finding the maximum.\n\n-   the output from the `maximize` function is an object with information about the optimization result. The field `maximizer` contains the $\\beta$ that maximizes the log-likelihood function.\n\n```{julia}\n# Find the MLE of β using Optim.jl\nβ₀ = randn(p) # Initial guess for the optimization\noptres = maximize(β -> poisreg_loglik(β, y, X), β₀, BFGS(), \n  autodiff = :forward)\nβmle = Optim.maximizer(optres)\n```\n\nWe can approximate the **standard errors of the ML estimator** using the Hessian of the log-likelihood. This matrix of second partial derivatives can also be obtained from automatic differentiation. The diagonal elements of the negative inverse Hessian approximates the variance of the individual $\\hat\\beta_j$ estimates:\n\n```{julia}\n# Compute Hessian to get approximate standard errors\nH(β) = ForwardDiff.hessian(β -> poisreg_loglik(β, y, X), β)\nΩᵦ = Symmetric(-inv(H(βmle))) # This approximates the covariance matrix of MLE\ndiag(Ωᵦ) # Diagonal elements are the variances of the MLEs\nse = sqrt.(diag(Ωᵦ)) # Standard errors of the MLEs\nprintln(\"βmle: \\n\", round.(βmle, digits = 3))\nprintln(\"Standard errors: \\n\", round.(se, digits = 3))\n```\n\nNote how the `ForwardDiff.jl` package computes the Hessian matrix as function, which can then be rapidly evaluated for any $\\beta$ vector. Similarly, we can obtain the gradient as an explicit function and check that it is (numerically close to) the zero vector at the ML estimate:\n\n```{julia}\n∂loglik(β) = ForwardDiff.gradient(β -> poisreg_loglik(β, y, X), β)\n∂loglik(β₀) # Gradient at the initial value, just because we can.\n∂loglik(βmle) # Gradient at the MLE, should be close to zero\n```\n"},"formats":{"html":{"identifier":{"display-name":"HTML","target-format":"html","base-format":"html"},"execute":{"fig-width":7,"fig-height":5,"fig-format":"retina","fig-dpi":96,"df-print":"default","error":false,"eval":true,"cache":null,"freeze":"auto","echo":true,"output":true,"warning":true,"include":true,"keep-md":false,"keep-ipynb":false,"ipynb":null,"enabled":null,"daemon":null,"daemon-restart":false,"debug":false,"ipynb-filters":[],"ipynb-shell-interactivity":null,"plotly-connected":true,"engine":"jupyter","env":{"JULIA_PROJECT":"~/Dropbox/Teaching/Julia/Ecosta2025Tutorial"}},"render":{"keep-tex":false,"keep-typ":false,"keep-source":false,"keep-hidden":false,"prefer-html":false,"output-divs":true,"output-ext":"html","fig-align":"default","fig-pos":null,"fig-env":null,"code-fold":"none","code-overflow":"scroll","code-link":false,"code-line-numbers":false,"code-tools":false,"tbl-colwidths":"auto","merge-includes":true,"inline-includes":false,"preserve-yaml":false,"latex-auto-mk":true,"latex-auto-install":true,"latex-clean":true,"latex-min-runs":1,"latex-max-runs":10,"latex-makeindex":"makeindex","latex-makeindex-opts":[],"latex-tlmgr-opts":[],"latex-input-paths":[],"latex-output-dir":null,"link-external-icon":false,"link-external-newwindow":false,"self-contained-math":false,"format-resources":[],"notebook-links":true},"pandoc":{"standalone":true,"wrap":"none","default-image-extension":"png","to":"html","css":["styles.css"],"toc":true,"include-in-header":{"text":"<style>\n/* Quarto right-margin TOC container */\n#quarto-margin-sidebar {\n  position: static !important;\n  top: auto !important;\n  max-height: none !important;\n  overflow: visible !important;\n}\n/* If your build uses Bootstrap's sticky helper inside the margin sidebar */\n#quarto-margin-sidebar .sticky-top {\n  position: static !important;\n  top: auto !important;\n}\n/* Fallback for older class names */\n.toc-sidebar, .toc-column {\n  position: static !important;\n  top: auto !important;\n}\n/* Keep the TOC itself non-sticky just in case */\nnav#TOC {\n  position: static !important;\n}\n</style>\n"},"output-file":"dist_optim_R.html"},"language":{"toc-title-document":"Table of contents","toc-title-website":"On this page","related-formats-title":"Other Formats","related-notebooks-title":"Notebooks","source-notebooks-prefix":"Source","other-links-title":"Other Links","code-links-title":"Code Links","launch-dev-container-title":"Launch Dev Container","launch-binder-title":"Launch Binder","article-notebook-label":"Article Notebook","notebook-preview-download":"Download Notebook","notebook-preview-download-src":"Download Source","notebook-preview-back":"Back to Article","manuscript-meca-bundle":"MECA Bundle","section-title-abstract":"Abstract","section-title-appendices":"Appendices","section-title-footnotes":"Footnotes","section-title-references":"References","section-title-reuse":"Reuse","section-title-copyright":"Copyright","section-title-citation":"Citation","appendix-attribution-cite-as":"For attribution, please cite this work as:","appendix-attribution-bibtex":"BibTeX citation:","appendix-view-license":"View License","title-block-author-single":"Author","title-block-author-plural":"Authors","title-block-affiliation-single":"Affiliation","title-block-affiliation-plural":"Affiliations","title-block-published":"Published","title-block-modified":"Modified","title-block-keywords":"Keywords","callout-tip-title":"Tip","callout-note-title":"Note","callout-warning-title":"Warning","callout-important-title":"Important","callout-caution-title":"Caution","code-summary":"Code","code-tools-menu-caption":"Code","code-tools-show-all-code":"Show All Code","code-tools-hide-all-code":"Hide All Code","code-tools-view-source":"View Source","code-tools-source-code":"Source Code","tools-share":"Share","tools-download":"Download","code-line":"Line","code-lines":"Lines","copy-button-tooltip":"Copy to Clipboard","copy-button-tooltip-success":"Copied!","repo-action-links-edit":"Edit this page","repo-action-links-source":"View source","repo-action-links-issue":"Report an issue","back-to-top":"Back to top","search-no-results-text":"No results","search-matching-documents-text":"matching documents","search-copy-link-title":"Copy link to search","search-hide-matches-text":"Hide additional matches","search-more-match-text":"more match in this document","search-more-matches-text":"more matches in this document","search-clear-button-title":"Clear","search-text-placeholder":"","search-detached-cancel-button-title":"Cancel","search-submit-button-title":"Submit","search-label":"Search","toggle-section":"Toggle section","toggle-sidebar":"Toggle sidebar navigation","toggle-dark-mode":"Toggle dark mode","toggle-reader-mode":"Toggle reader mode","toggle-navigation":"Toggle navigation","crossref-fig-title":"Figure","crossref-tbl-title":"Table","crossref-lst-title":"Listing","crossref-thm-title":"Theorem","crossref-lem-title":"Lemma","crossref-cor-title":"Corollary","crossref-prp-title":"Proposition","crossref-cnj-title":"Conjecture","crossref-def-title":"Definition","crossref-exm-title":"Example","crossref-exr-title":"Exercise","crossref-ch-prefix":"Chapter","crossref-apx-prefix":"Appendix","crossref-sec-prefix":"Section","crossref-eq-prefix":"Equation","crossref-lof-title":"List of Figures","crossref-lot-title":"List of Tables","crossref-lol-title":"List of Listings","environment-proof-title":"Proof","environment-remark-title":"Remark","environment-solution-title":"Solution","listing-page-order-by":"Order By","listing-page-order-by-default":"Default","listing-page-order-by-date-asc":"Oldest","listing-page-order-by-date-desc":"Newest","listing-page-order-by-number-desc":"High to Low","listing-page-order-by-number-asc":"Low to High","listing-page-field-date":"Date","listing-page-field-title":"Title","listing-page-field-description":"Description","listing-page-field-author":"Author","listing-page-field-filename":"File Name","listing-page-field-filemodified":"Modified","listing-page-field-subtitle":"Subtitle","listing-page-field-readingtime":"Reading Time","listing-page-field-wordcount":"Word Count","listing-page-field-categories":"Categories","listing-page-minutes-compact":"{0} min","listing-page-category-all":"All","listing-page-no-matches":"No matching items","listing-page-words":"{0} words","listing-page-filter":"Filter","draft":"Draft"},"metadata":{"lang":"en","fig-responsive":true,"quarto-version":"1.7.32","knitr":{"opts_knit":{"verbose":false}},"callout-appearance":"default","theme":{"light":"lumen","dark":"superhero"},"toc-location":"right","toc-title":"Contents","title":"Statistics with Julia","author":"Mattias Villani","editor":"visual"},"extensions":{"book":{"multiFile":true}}}},"projectFormats":["html"]}