{"title":"Getting started with Julia","markdown":{"yaml":{"title":"Getting started with Julia","author":"Mattias Villani","editor":"visual"},"headingText":"![](figs/julialogo.svg){width=\"30\" height=\"27\"} What is Julia?","containsRefs":false,"markdown":"\n\n\n-   Julia is a high-level programming language for **numerical computing**.\n\n-   First version in 2012, Version 1.0 in 2018. Version 1.11 now.\n\n-   High-level programming with a syntax like Python.\n\n-   **Fast**, almost like C/C++, if done right.\n\n-   **Just-in-time (JIT) compiled**. Code is compiled to machine code on the fly.\n\n-   Numerical linear algebra similar to Matlab.\n\n-   Macros inspired by Lisp.\n\n-   **Multiple dispatch** with sophisticated **type system** makes Julia **highly composable**.\n\n![](images/clipboard-1358662862.jpeg){width=\"125\"}![](images/clipboard-2658870739.jpeg){width=\"125\"}![](images/clipboard-2782725170.jpeg){width=\"121\"}![](images/clipboard-1716984901.jpeg){width=\"125\"}\n\n## ![](figs/julialogo.svg){width=\"30\" height=\"27\"} Julia is fast\n\n![](figs/benchmarks.svg)\n\n## ![](figs/julialogo.svg){width=\"30\" height=\"27\"} Why Julia (for Statistics)?\n\n-   **Speed**. No need for a two language combo (R/Python **and** C/C++).\n\n-   **Good packages** for Statistics and Data Analysis.\n\n-   Wonderful handling of **statistical distributions**.\n\n-   Strong **linear algebra** with beautiful syntax.\n\n-   **Parallel computing** built in from the start.\n\n-   **Unicode** (e.g. greek letters in code) makes [clear algorithms](https://github.com/mossr/BeautifulAlgorithms.jl).\n\n-   Easy to use R/Python/C/Fortran etc code from Julia.\n\n![](figs/kalman.jpeg){width=\"800\"}\n\n## ![](figs/julialogo.svg){width=\"30\" height=\"27\"} Installing Julia\n\nThe recommended way to install Julia is using a little tool called `juliaup` . Benefits of `juliaup` :\n\n-   easy install of Julia\n\n-   easy to switch between different Julia versions (see `juliaup --help`)\n\n-   notifies when a new Julia version is available.\n\nInstructions on how to install juliaup are [here](https://julialang.org/install/). In short:\n\n-   ![](figs/linux.png){width=\"20\"} **Linux**: run the following command in terminal:\n\n    ``` bash\n    curl -fsSL https://install.julialang.org | sh\n    ```\n\n-   ![](figs/mac.png){width=\"25\"}**Mac**: run the following command in terminal:\n\n    ``` bash\n    curl -fsSL https://install.julialang.org | sh\n    ```\n\n-   ![](figs/windows.png){width=\"20\"} **Windows**, type this in the terminal to install from Windows store:\n\n    ``` bash\n    winget install --name Julia --id 9NJNWW8PVKMN -e -s msstore\n    ```\n\n::: callout-warning\n## Avoid Linux repositories\n\nIt is not recommended to install Julia from repositories on Linux since the versions can be rather old.\n:::\n\n::: callout-tip\n## Uninstall juliaup\n\nJuliaup can be uninstalled with the terminal command: `juliaup self uninstall`\n:::\n\nJulia can now be started by typing `julia` in the terminal (you may need to restart the shell/terminal so your system can find it). You should see something like this:\n\n![](figs/juliastart.png)\n\n## ![](figs/terminalicon.png){width=\"30\"} The Julia REPL (console)\n\n-   The Julia **REPL** (Read-Evaluate-Print Loop) is where you can **interactively execute code** and view the output (like Console in R).\n\n-   We will soon use VS Code as our main working environment (IDE, similar to RStudio), with the REPL as one component.\n\nThe Julia REPL is very good:\n\n-   arrow-up and arrow-down goes back in **command history**.\n\n-   **filtered search in history**. Start typing a word and then arrow-up will cycles though old commands that start with those letters.\n\n-   `ctrl+r` gives more advanced **reverse-search**.\n\n-   **past commands can be edited** and re-used.\n\n![](figs/navigateREPL.gif){width=\"500\"}\n\nThe REPL has several **prompt modes**, for example:\n\n-   **Julian mode**, which is the default `julia>` seen above.\n\n-   **Help mode**, activated by typing **?** at the prompt. The prompt changes to `help?>` and you can search for documentation about functions etc; see animated gif below. `Backspace` takes you back to Julian mode.\n\n-   **Pkg mode**, activated by typing a right bracket **\\]**. This opens the package manager where Julia packages are added and managed.\n\n-   **Shell mode**, activated by typing a semicolon **;**. The prompt changes to `shell>` and you can use the usual shell commands for navigating directories, copying files etc. (On Windows, type `powershell` or `cmd` at `shell>` to get access to the shell).\n\n-   **Search mode**, activated by `ctrl+r`, as explained above.\n\n-   **R mode**. Later, when discuss how R and Julia can work together with the RCall.jl package, there will an R mode available by typing **\\$** which opens an R prompt. More later.\n\n![](figs/REPLmodes.gif){width=\"500\"}\n\nUseful keys bindings ([here](https://docs.julialang.org/en/v1/stdlib/REPL/#Key-bindings) are many more):\n\n-   Ctrl + C to interupt execution\n\n-   Ctrl + L to clear the REPL\n\n::: callout-note\n## Exercise\n\n-   Get into *help mode* and read about the sin function.\n\n-   Drop into *shell mode* and change directory to somewhere else on your computer. Then go back to Julian mode (backspace) and check with `pwd()` that you indeed changed directory. Go back to shell mode and change the directory back to where you where before this exercise.\n\n-   Go into *package mode* and type `status` to see if you have any packages installed. (probably not if you have a fresh install).\n:::\n\n## ![](figs/pkgicon.png){width=\"30\"} The package manager\n\n-   Similar to R, but a bit more extreme, most things in Julia are available in **packages**.\n\n-   Packages are typically named with a .jl ending, for example the [Distributions.jl](https://github.com/JuliaStats/Distributions.jl) package contains many statistical distributions.\n\n-   Julia packages are hosted on **GitHub** and managed by the Julia **General Registry**.\n\nHere are some of the most common packages for Statistics:\n\n-   [Statistics.jl](https://docs.julialang.org/en/v1/stdlib/Statistics/) (mean, variance, quantile etc)\n\n-   [Distributions.jl](https://juliastats.org/Distributions.jl/stable/) (most standard statistical distributions, with rand, pdf, cdf etc)\n\n-   [LinearAlgebra.jl](https://docs.julialang.org/en/v1/stdlib/LinearAlgebra/)\n\n-   [DataFrames.jl](https://dataframes.juliadata.org/stable/) (tabular data manipulation)\n\n-   [Tidier.jl](https://tidierorg.github.io/Tidier.jl/dev/) (R's tidyverse, Julia-style)\n\n-   [Plots.jl](https://docs.juliaplots.org/stable/) (one of the most widely used plotting systems)\n\n-   [Optim.jl](https://julianlsolvers.github.io/Optim.jl/stable/) (numerical optimization)\n\n-   [GLM.jl](https://juliastats.org/GLM.jl/v0.11/) (generalized linear models using R's formula syntax)\n\n-   [Turing.jl](https://turinglang.org/) (probabilistic programming, similar to Stan)\n\n-   [RCall.jl](https://juliainterop.github.io/RCall.jl/stable/) (using R code in Julia)\n\n-   [DifferentiationInterface.jl](https://juliadiff.org/DifferentiationInterface.jl/DifferentiationInterface/stable/) (interface to Julia's many autodiff libraries)\n\n-   [RDatasets.jl](https://github.com/JuliaStats/RDatasets.jl) (the R datasets that we all love, in Julia)\n\nThe package manager is most easily accessed by typing `]` to get into Pkg mode. The prompt changes to `(@v.11) pkg>` which means that you are in package mode in the default environment v.11 (if you are using Julia 1.11, more on environments later).\n\nSome useful commands in Pkg mode:\n\n-   `status`, shows the packages installed in the currently active environment\n\n-   `add` `PkgName` (installs the PkgName.jl package, for example Distributions.jl)\n\n-   `add GitHubLink` adds the package directly from Github, e.g. `add git@github.com:JuliaStats/Distributions.jl.git`\n\n-   `rm` `PkgName` (removes the PkgName.jl package)\n\n-   `update` (checks registry and updates packages)\n\nWhen we write, for example, `] add Distributions` we mean to type `]` and then `add Distributions` on the Pkg prompt.\n\nOnce a package has been `add`ed it can be used from the Julian prompt (just `backspace` out from Pkg mode) with the using command: `using PkgName` . This loads the package in memory and its functions and other objects can now be used.\n\nThere are other ways to use a package, like `import`. The main difference is that\n\n-   `using` exposes all exported function directly without needing to call then with the package name as prefix, e.g. `myfunc(3)`.\n\n-   `import` does not expose exported function directly and requires a call to function to be prefixed with the package name, e.g. `PkgName.myfunc(3)`. This is closer to Python's namespace convention, but namespaces are less essential in Julia due to multiple dispatch and Julias clever handling of function (method) name collisions.\n\n-   It is also possible to use only specific functions from a package: `using PkgName: myfunc, otherfunc`.\n\n    Here is comparison of package handling in R, Julia and Python.\n\n    +------------+--------+----------------------------------------+--------+-------------------------------+--------+-------------------------------+\n    | Language   |        | Repository                             |        | Install packages              |        | Use packages                  |\n    +------------+--------+----------------------------------------+--------+-------------------------------+--------+-------------------------------+\n    | **R**      |        | CRAN (Comprehensive R Archive Network) |        | `install.packages(\"pkgname\")` |        | `library(pkgname)`            |\n    +------------+--------+----------------------------------------+--------+-------------------------------+--------+-------------------------------+\n    | **Julia**  |        | General registry (hosted on GitHub)    |        | `] add PkgName`               |        | `using` `PkgName`             |\n    |            |        |                                        |        |                               |        |                               |\n    |            |        |                                        |        |                               |        | `import PkgName`              |\n    |            |        |                                        |        |                               |        |                               |\n    |            |        |                                        |        |                               |        | `import PkgName: myfunc`      |\n    +------------+--------+----------------------------------------+--------+-------------------------------+--------+-------------------------------+\n    | **Python** |        | **PyPI** (Python Package Index)\\       |        | `pip install pkgname`         |        | `from pkgname import *`       |\n    |            |        | or **Conda**                           |        |                               |        |                               |\n    |            |        |                                        |        | `conda install pkgname`       |        | `import pkgname as pk`        |\n    |            |        |                                        |        |                               |        |                               |\n    |            |        |                                        |        |                               |        | `from pkgname import myfunc`  |\n    +------------+--------+----------------------------------------+--------+-------------------------------+--------+-------------------------------+\n\n#### Environments\n\n-   Packages are by default `add`:ed to the default environment (e.g. v1.11 if you use Julia 1.11). However, it is common to have several projects ongoing at the same time, and different projects needs different packages. Here is where *environments* are very useful.\n\n-   A Julia **environment** is basically a list of all the packages used in a project, potentially including detailed information about which version of the packages that are to be used in the project. An environment is created by going to a directory and typing `activate .` in the Pkg prompt. The dot means *here* (in the directory structure; alternatively, the dot can be replaced by a path where you want the project to live). The activate command creates two files:\n\n    -   [Project.toml](Project.toml) - This is a list of the packages added to the project (so called direct dependencies), and their compatibility. Each package is identified by a unique ID. The link goes to the Project.toml used for this tutorial.\n\n    -   [Manifest.toml](Manifest.toml) - This contains the complete dependency structure of the added packages (since your added packages will often depend on other packages, so called indirect dependencies). The manifest.toml file can be used to `instantiate` all packages and their dependencies to the exact versions used in a particular project, so that code can be exactly reproduced with a frozen state of dependencies.\n\n-   When two projects use the same package at the same version, the content of this package is not duplicated.\n\n::: callout-note\n\n## Exercise\n\n-   `Add` the Distributions.jl package in the package manager. Type `status` after install to see that it indeed was added.\n\n-   Use the Distributions.jl package by the `using` command from the Julian prompt.\n\n-   Use the package to define a normal distribution object with mean 2 and and standard deviation 3. Go into help mode and search for `Normal` to see how this is done. Call the new object `dist`.\n\n-   Generate 10 random draws from this normal distribution using the `rand` function on the normal distribution object `dist`.\n\n-   Evaluate the pdf of this normal at `x=1` using the `pdf` function on the normal distribution object `dist`.\n:::\n\n## ![](figs/terminalicon.png){width=\"30\"} Running programs\n\nWe can write Julia code in any text editor and then execute it in the terminal with the `julia` command. Here is a small Julia example program (`plotfunc.jl`) that plots the square function using the `Plots.jl` package (which needs to `add`:ed first) and finally saves the graph to a pdf file.\n\n``` julia\n# adding Plots.jl package programatically (needed if it is not already installed)\nimport Pkg; Pkg.add(\"Plots\")\nusing Plots\n\n# Define the function that does the work \nfunction plotfunction(func, a, b)\n  xgrid = range(a, b, length = 100)\n  plt = plot(xgrid, func.(xgrid), color = :blue, xlabel = \"x\", ylabel = \"f(x)\")\n  return plt\nend\n\n# Use the function to produce the plot\nplt = plotfunction(x -> x^2, -2, 2) # x -> x^2 defines an anonymous function\n\n# save plot to file\nsavefig(plt, \"myplot.pdf\")\n```\n\nWe can run this code in terminal with the command\n\n``` bash\njulia plotfunc.jl\n```\n\n::: callout-note\n## Exercise\n\nCopy the code above to a text file name *plotfunc.jl* and run it using the command above. Check the pdf file.\n:::\n\n## ![](/misc/vscodeicon.png){width=\"25\"} VS code - Rstudio for Julia\n\n#### VS code\n\nThe most common way to work with Julia is using the [VS code](https://code.visualstudio.com/) IDE (similar to RStudio, but more general). VS code is free and open source. It can be installed from [here](https://code.visualstudio.com/Download). There are many many extensions or plug-ins for VS code for doing mostly anything you want. Here is a [100 sec video about VS code](https://www.youtube.com/watch?v=KMxo3T_MTvY). The [official getting started guide](https://code.visualstudio.com/docs/getstarted/getting-started) is quite good.\n\nThe most important command in VS code is `ctrl+shift+p` which opens the **Command palette**. From there you can type things like *settings* to access all the settings, execute code etc.\n\n#### Julia in VS Code\n\nThe most important extension for Julia is the official [Julia extension](https://code.visualstudio.com/docs/languages/julia), which brings together the editor, Julia REPL, plot pane, debugging tools, and much more in one app. Once you open a .jl file in the editor, VS code will give you proper syntax highlighting. Here is [2+ minute getting started video](https://www.youtube.com/watch?v=pi2G96_HPHc). With the Julia extension installed, try `ctrl+shift+p` and type *julia* in the command palette to see some of the commands that you can use for Julia in VS code.\n\nThe official documention is [here](https://code.visualstudio.com/docs/languages/julia).\n\n[Here](vscode.qmd) are some useful commands, keyboard shortcuts and extensions in VS code.\n\n-   Julia code in VS code can be run in three basic ways:\n\n    -   **Run a file in a separate terminal**: from command palette: [Julia: Run File in New Process]{.underline} or from the **Play button** in the top right corner of the editor.\n\n    -   **Debug mode**.\n\n    -   **Run interatively** in the REPL inside VS code.\n\n![](figs/JuliaShortcuts1.png){width=\"651\"}\n\n`shift + enter` or `shift + ctrl` on a line in the editor starts the Julia REPL automatically. However, if you close the REPL, you have to use the command [Julia: Restart REPL]{.underline} in the Command palette to start a new one.\n\nIf you prefer to not have the output inline in the editor, go to Julia extension settings and search for *Execution: Result Type*, and set it to REPL (the default is Both REPL and inline).\n\n::: callout-note\n## Exercise\n\nOpen the plotfunc.jl file from a previous exercise in VS Code and run it again using the command [Julia: Run File in New Process]{.underline}\n\nNow, run each line in plotfunc.jl interactively in the VS code Julia REPL. The plot should appear in a plot pane in VS code.\n:::\n\n## ![](figs/Jupyter_logo.png){width=\"25\"} Notebooks\n\nJulia can be used in all major notebook systems:\n\n![](figs/Jupyter_logo.png){width=\"25\"} [Jupyter](https://jupyter.org/install) (The Ju in Jupyter stands for Julia). Install the `IJulia` package in Julia first.\n\n```{=html}\n<details>\n  <summary>Screenshot Jupyter notebook</summary>\n  <img src=\"figs/Jupyter.png\" width=\"70%\" alt=\"Jupyter screenshot\">\n</details>\n```\n\n![](figs/colabicon.png){width=\"40\" height=\"24\"} [Google Colab](https://colab.research.google.com/). Change to Julia in the Edit/Notebook settings menu.\n\n```{=html}\n<details>\n  <summary>Screenshot Google Colab notebook</summary>\n  <img src=\"figs/GoogleColab.png\" width=\"70%\" alt=\"Google Colab screenshot\">\n</details>\n```\n\n![](figs/logo-quarto.png){width=\"25\"} [Quarto](https://quarto.org/). Install the R package `JuliaCall` in R first. Add `engine: julia` to YAML.\n\n```{=html}\n<details>\n  <summary>Screenshot Quarto notebook</summary>\n  <img src=\"figs/Quarto.png\" width=\"70%\" alt=\"Quarto screenshot\">\n</details>\n```\n\n![](figs/plutoicon.jpg){width=\"30\"} [Pluto.jl](https://plutojl.org/) This is a reactive notebook system in Julia. Run from Julia or online.\n\n```{=html}\n<details>\n  <summary>Screenshot Pluto.jl notebook</summary>\n  <img src=\"figs/pluto.png\" width=\"70%\" alt=\"Pluto.jl screenshot\">\n</details>\n```\n\n## 💻 Live demo\n\nLive demo of basic Julia roughly based on [this script](code/gettingstarted.jl).\n\n#### Julia type hierarchy for Number type\n\n![](figs/numbertypes.png)\n\nSource: [cormullion](https://discourse.julialang.org/t/diagram-with-all-julia-types/5018)?\n","srcMarkdownNoYaml":"\n\n## ![](figs/julialogo.svg){width=\"30\" height=\"27\"} What is Julia?\n\n-   Julia is a high-level programming language for **numerical computing**.\n\n-   First version in 2012, Version 1.0 in 2018. Version 1.11 now.\n\n-   High-level programming with a syntax like Python.\n\n-   **Fast**, almost like C/C++, if done right.\n\n-   **Just-in-time (JIT) compiled**. Code is compiled to machine code on the fly.\n\n-   Numerical linear algebra similar to Matlab.\n\n-   Macros inspired by Lisp.\n\n-   **Multiple dispatch** with sophisticated **type system** makes Julia **highly composable**.\n\n![](images/clipboard-1358662862.jpeg){width=\"125\"}![](images/clipboard-2658870739.jpeg){width=\"125\"}![](images/clipboard-2782725170.jpeg){width=\"121\"}![](images/clipboard-1716984901.jpeg){width=\"125\"}\n\n## ![](figs/julialogo.svg){width=\"30\" height=\"27\"} Julia is fast\n\n![](figs/benchmarks.svg)\n\n## ![](figs/julialogo.svg){width=\"30\" height=\"27\"} Why Julia (for Statistics)?\n\n-   **Speed**. No need for a two language combo (R/Python **and** C/C++).\n\n-   **Good packages** for Statistics and Data Analysis.\n\n-   Wonderful handling of **statistical distributions**.\n\n-   Strong **linear algebra** with beautiful syntax.\n\n-   **Parallel computing** built in from the start.\n\n-   **Unicode** (e.g. greek letters in code) makes [clear algorithms](https://github.com/mossr/BeautifulAlgorithms.jl).\n\n-   Easy to use R/Python/C/Fortran etc code from Julia.\n\n![](figs/kalman.jpeg){width=\"800\"}\n\n## ![](figs/julialogo.svg){width=\"30\" height=\"27\"} Installing Julia\n\nThe recommended way to install Julia is using a little tool called `juliaup` . Benefits of `juliaup` :\n\n-   easy install of Julia\n\n-   easy to switch between different Julia versions (see `juliaup --help`)\n\n-   notifies when a new Julia version is available.\n\nInstructions on how to install juliaup are [here](https://julialang.org/install/). In short:\n\n-   ![](figs/linux.png){width=\"20\"} **Linux**: run the following command in terminal:\n\n    ``` bash\n    curl -fsSL https://install.julialang.org | sh\n    ```\n\n-   ![](figs/mac.png){width=\"25\"}**Mac**: run the following command in terminal:\n\n    ``` bash\n    curl -fsSL https://install.julialang.org | sh\n    ```\n\n-   ![](figs/windows.png){width=\"20\"} **Windows**, type this in the terminal to install from Windows store:\n\n    ``` bash\n    winget install --name Julia --id 9NJNWW8PVKMN -e -s msstore\n    ```\n\n::: callout-warning\n## Avoid Linux repositories\n\nIt is not recommended to install Julia from repositories on Linux since the versions can be rather old.\n:::\n\n::: callout-tip\n## Uninstall juliaup\n\nJuliaup can be uninstalled with the terminal command: `juliaup self uninstall`\n:::\n\nJulia can now be started by typing `julia` in the terminal (you may need to restart the shell/terminal so your system can find it). You should see something like this:\n\n![](figs/juliastart.png)\n\n## ![](figs/terminalicon.png){width=\"30\"} The Julia REPL (console)\n\n-   The Julia **REPL** (Read-Evaluate-Print Loop) is where you can **interactively execute code** and view the output (like Console in R).\n\n-   We will soon use VS Code as our main working environment (IDE, similar to RStudio), with the REPL as one component.\n\nThe Julia REPL is very good:\n\n-   arrow-up and arrow-down goes back in **command history**.\n\n-   **filtered search in history**. Start typing a word and then arrow-up will cycles though old commands that start with those letters.\n\n-   `ctrl+r` gives more advanced **reverse-search**.\n\n-   **past commands can be edited** and re-used.\n\n![](figs/navigateREPL.gif){width=\"500\"}\n\nThe REPL has several **prompt modes**, for example:\n\n-   **Julian mode**, which is the default `julia>` seen above.\n\n-   **Help mode**, activated by typing **?** at the prompt. The prompt changes to `help?>` and you can search for documentation about functions etc; see animated gif below. `Backspace` takes you back to Julian mode.\n\n-   **Pkg mode**, activated by typing a right bracket **\\]**. This opens the package manager where Julia packages are added and managed.\n\n-   **Shell mode**, activated by typing a semicolon **;**. The prompt changes to `shell>` and you can use the usual shell commands for navigating directories, copying files etc. (On Windows, type `powershell` or `cmd` at `shell>` to get access to the shell).\n\n-   **Search mode**, activated by `ctrl+r`, as explained above.\n\n-   **R mode**. Later, when discuss how R and Julia can work together with the RCall.jl package, there will an R mode available by typing **\\$** which opens an R prompt. More later.\n\n![](figs/REPLmodes.gif){width=\"500\"}\n\nUseful keys bindings ([here](https://docs.julialang.org/en/v1/stdlib/REPL/#Key-bindings) are many more):\n\n-   Ctrl + C to interupt execution\n\n-   Ctrl + L to clear the REPL\n\n::: callout-note\n## Exercise\n\n-   Get into *help mode* and read about the sin function.\n\n-   Drop into *shell mode* and change directory to somewhere else on your computer. Then go back to Julian mode (backspace) and check with `pwd()` that you indeed changed directory. Go back to shell mode and change the directory back to where you where before this exercise.\n\n-   Go into *package mode* and type `status` to see if you have any packages installed. (probably not if you have a fresh install).\n:::\n\n## ![](figs/pkgicon.png){width=\"30\"} The package manager\n\n-   Similar to R, but a bit more extreme, most things in Julia are available in **packages**.\n\n-   Packages are typically named with a .jl ending, for example the [Distributions.jl](https://github.com/JuliaStats/Distributions.jl) package contains many statistical distributions.\n\n-   Julia packages are hosted on **GitHub** and managed by the Julia **General Registry**.\n\nHere are some of the most common packages for Statistics:\n\n-   [Statistics.jl](https://docs.julialang.org/en/v1/stdlib/Statistics/) (mean, variance, quantile etc)\n\n-   [Distributions.jl](https://juliastats.org/Distributions.jl/stable/) (most standard statistical distributions, with rand, pdf, cdf etc)\n\n-   [LinearAlgebra.jl](https://docs.julialang.org/en/v1/stdlib/LinearAlgebra/)\n\n-   [DataFrames.jl](https://dataframes.juliadata.org/stable/) (tabular data manipulation)\n\n-   [Tidier.jl](https://tidierorg.github.io/Tidier.jl/dev/) (R's tidyverse, Julia-style)\n\n-   [Plots.jl](https://docs.juliaplots.org/stable/) (one of the most widely used plotting systems)\n\n-   [Optim.jl](https://julianlsolvers.github.io/Optim.jl/stable/) (numerical optimization)\n\n-   [GLM.jl](https://juliastats.org/GLM.jl/v0.11/) (generalized linear models using R's formula syntax)\n\n-   [Turing.jl](https://turinglang.org/) (probabilistic programming, similar to Stan)\n\n-   [RCall.jl](https://juliainterop.github.io/RCall.jl/stable/) (using R code in Julia)\n\n-   [DifferentiationInterface.jl](https://juliadiff.org/DifferentiationInterface.jl/DifferentiationInterface/stable/) (interface to Julia's many autodiff libraries)\n\n-   [RDatasets.jl](https://github.com/JuliaStats/RDatasets.jl) (the R datasets that we all love, in Julia)\n\nThe package manager is most easily accessed by typing `]` to get into Pkg mode. The prompt changes to `(@v.11) pkg>` which means that you are in package mode in the default environment v.11 (if you are using Julia 1.11, more on environments later).\n\nSome useful commands in Pkg mode:\n\n-   `status`, shows the packages installed in the currently active environment\n\n-   `add` `PkgName` (installs the PkgName.jl package, for example Distributions.jl)\n\n-   `add GitHubLink` adds the package directly from Github, e.g. `add git@github.com:JuliaStats/Distributions.jl.git`\n\n-   `rm` `PkgName` (removes the PkgName.jl package)\n\n-   `update` (checks registry and updates packages)\n\nWhen we write, for example, `] add Distributions` we mean to type `]` and then `add Distributions` on the Pkg prompt.\n\nOnce a package has been `add`ed it can be used from the Julian prompt (just `backspace` out from Pkg mode) with the using command: `using PkgName` . This loads the package in memory and its functions and other objects can now be used.\n\nThere are other ways to use a package, like `import`. The main difference is that\n\n-   `using` exposes all exported function directly without needing to call then with the package name as prefix, e.g. `myfunc(3)`.\n\n-   `import` does not expose exported function directly and requires a call to function to be prefixed with the package name, e.g. `PkgName.myfunc(3)`. This is closer to Python's namespace convention, but namespaces are less essential in Julia due to multiple dispatch and Julias clever handling of function (method) name collisions.\n\n-   It is also possible to use only specific functions from a package: `using PkgName: myfunc, otherfunc`.\n\n    Here is comparison of package handling in R, Julia and Python.\n\n    +------------+--------+----------------------------------------+--------+-------------------------------+--------+-------------------------------+\n    | Language   |        | Repository                             |        | Install packages              |        | Use packages                  |\n    +------------+--------+----------------------------------------+--------+-------------------------------+--------+-------------------------------+\n    | **R**      |        | CRAN (Comprehensive R Archive Network) |        | `install.packages(\"pkgname\")` |        | `library(pkgname)`            |\n    +------------+--------+----------------------------------------+--------+-------------------------------+--------+-------------------------------+\n    | **Julia**  |        | General registry (hosted on GitHub)    |        | `] add PkgName`               |        | `using` `PkgName`             |\n    |            |        |                                        |        |                               |        |                               |\n    |            |        |                                        |        |                               |        | `import PkgName`              |\n    |            |        |                                        |        |                               |        |                               |\n    |            |        |                                        |        |                               |        | `import PkgName: myfunc`      |\n    +------------+--------+----------------------------------------+--------+-------------------------------+--------+-------------------------------+\n    | **Python** |        | **PyPI** (Python Package Index)\\       |        | `pip install pkgname`         |        | `from pkgname import *`       |\n    |            |        | or **Conda**                           |        |                               |        |                               |\n    |            |        |                                        |        | `conda install pkgname`       |        | `import pkgname as pk`        |\n    |            |        |                                        |        |                               |        |                               |\n    |            |        |                                        |        |                               |        | `from pkgname import myfunc`  |\n    +------------+--------+----------------------------------------+--------+-------------------------------+--------+-------------------------------+\n\n#### Environments\n\n-   Packages are by default `add`:ed to the default environment (e.g. v1.11 if you use Julia 1.11). However, it is common to have several projects ongoing at the same time, and different projects needs different packages. Here is where *environments* are very useful.\n\n-   A Julia **environment** is basically a list of all the packages used in a project, potentially including detailed information about which version of the packages that are to be used in the project. An environment is created by going to a directory and typing `activate .` in the Pkg prompt. The dot means *here* (in the directory structure; alternatively, the dot can be replaced by a path where you want the project to live). The activate command creates two files:\n\n    -   [Project.toml](Project.toml) - This is a list of the packages added to the project (so called direct dependencies), and their compatibility. Each package is identified by a unique ID. The link goes to the Project.toml used for this tutorial.\n\n    -   [Manifest.toml](Manifest.toml) - This contains the complete dependency structure of the added packages (since your added packages will often depend on other packages, so called indirect dependencies). The manifest.toml file can be used to `instantiate` all packages and their dependencies to the exact versions used in a particular project, so that code can be exactly reproduced with a frozen state of dependencies.\n\n-   When two projects use the same package at the same version, the content of this package is not duplicated.\n\n::: callout-note\n\n## Exercise\n\n-   `Add` the Distributions.jl package in the package manager. Type `status` after install to see that it indeed was added.\n\n-   Use the Distributions.jl package by the `using` command from the Julian prompt.\n\n-   Use the package to define a normal distribution object with mean 2 and and standard deviation 3. Go into help mode and search for `Normal` to see how this is done. Call the new object `dist`.\n\n-   Generate 10 random draws from this normal distribution using the `rand` function on the normal distribution object `dist`.\n\n-   Evaluate the pdf of this normal at `x=1` using the `pdf` function on the normal distribution object `dist`.\n:::\n\n## ![](figs/terminalicon.png){width=\"30\"} Running programs\n\nWe can write Julia code in any text editor and then execute it in the terminal with the `julia` command. Here is a small Julia example program (`plotfunc.jl`) that plots the square function using the `Plots.jl` package (which needs to `add`:ed first) and finally saves the graph to a pdf file.\n\n``` julia\n# adding Plots.jl package programatically (needed if it is not already installed)\nimport Pkg; Pkg.add(\"Plots\")\nusing Plots\n\n# Define the function that does the work \nfunction plotfunction(func, a, b)\n  xgrid = range(a, b, length = 100)\n  plt = plot(xgrid, func.(xgrid), color = :blue, xlabel = \"x\", ylabel = \"f(x)\")\n  return plt\nend\n\n# Use the function to produce the plot\nplt = plotfunction(x -> x^2, -2, 2) # x -> x^2 defines an anonymous function\n\n# save plot to file\nsavefig(plt, \"myplot.pdf\")\n```\n\nWe can run this code in terminal with the command\n\n``` bash\njulia plotfunc.jl\n```\n\n::: callout-note\n## Exercise\n\nCopy the code above to a text file name *plotfunc.jl* and run it using the command above. Check the pdf file.\n:::\n\n## ![](/misc/vscodeicon.png){width=\"25\"} VS code - Rstudio for Julia\n\n#### VS code\n\nThe most common way to work with Julia is using the [VS code](https://code.visualstudio.com/) IDE (similar to RStudio, but more general). VS code is free and open source. It can be installed from [here](https://code.visualstudio.com/Download). There are many many extensions or plug-ins for VS code for doing mostly anything you want. Here is a [100 sec video about VS code](https://www.youtube.com/watch?v=KMxo3T_MTvY). The [official getting started guide](https://code.visualstudio.com/docs/getstarted/getting-started) is quite good.\n\nThe most important command in VS code is `ctrl+shift+p` which opens the **Command palette**. From there you can type things like *settings* to access all the settings, execute code etc.\n\n#### Julia in VS Code\n\nThe most important extension for Julia is the official [Julia extension](https://code.visualstudio.com/docs/languages/julia), which brings together the editor, Julia REPL, plot pane, debugging tools, and much more in one app. Once you open a .jl file in the editor, VS code will give you proper syntax highlighting. Here is [2+ minute getting started video](https://www.youtube.com/watch?v=pi2G96_HPHc). With the Julia extension installed, try `ctrl+shift+p` and type *julia* in the command palette to see some of the commands that you can use for Julia in VS code.\n\nThe official documention is [here](https://code.visualstudio.com/docs/languages/julia).\n\n[Here](vscode.qmd) are some useful commands, keyboard shortcuts and extensions in VS code.\n\n-   Julia code in VS code can be run in three basic ways:\n\n    -   **Run a file in a separate terminal**: from command palette: [Julia: Run File in New Process]{.underline} or from the **Play button** in the top right corner of the editor.\n\n    -   **Debug mode**.\n\n    -   **Run interatively** in the REPL inside VS code.\n\n![](figs/JuliaShortcuts1.png){width=\"651\"}\n\n`shift + enter` or `shift + ctrl` on a line in the editor starts the Julia REPL automatically. However, if you close the REPL, you have to use the command [Julia: Restart REPL]{.underline} in the Command palette to start a new one.\n\nIf you prefer to not have the output inline in the editor, go to Julia extension settings and search for *Execution: Result Type*, and set it to REPL (the default is Both REPL and inline).\n\n::: callout-note\n## Exercise\n\nOpen the plotfunc.jl file from a previous exercise in VS Code and run it again using the command [Julia: Run File in New Process]{.underline}\n\nNow, run each line in plotfunc.jl interactively in the VS code Julia REPL. The plot should appear in a plot pane in VS code.\n:::\n\n## ![](figs/Jupyter_logo.png){width=\"25\"} Notebooks\n\nJulia can be used in all major notebook systems:\n\n![](figs/Jupyter_logo.png){width=\"25\"} [Jupyter](https://jupyter.org/install) (The Ju in Jupyter stands for Julia). Install the `IJulia` package in Julia first.\n\n```{=html}\n<details>\n  <summary>Screenshot Jupyter notebook</summary>\n  <img src=\"figs/Jupyter.png\" width=\"70%\" alt=\"Jupyter screenshot\">\n</details>\n```\n\n![](figs/colabicon.png){width=\"40\" height=\"24\"} [Google Colab](https://colab.research.google.com/). Change to Julia in the Edit/Notebook settings menu.\n\n```{=html}\n<details>\n  <summary>Screenshot Google Colab notebook</summary>\n  <img src=\"figs/GoogleColab.png\" width=\"70%\" alt=\"Google Colab screenshot\">\n</details>\n```\n\n![](figs/logo-quarto.png){width=\"25\"} [Quarto](https://quarto.org/). Install the R package `JuliaCall` in R first. Add `engine: julia` to YAML.\n\n```{=html}\n<details>\n  <summary>Screenshot Quarto notebook</summary>\n  <img src=\"figs/Quarto.png\" width=\"70%\" alt=\"Quarto screenshot\">\n</details>\n```\n\n![](figs/plutoicon.jpg){width=\"30\"} [Pluto.jl](https://plutojl.org/) This is a reactive notebook system in Julia. Run from Julia or online.\n\n```{=html}\n<details>\n  <summary>Screenshot Pluto.jl notebook</summary>\n  <img src=\"figs/pluto.png\" width=\"70%\" alt=\"Pluto.jl screenshot\">\n</details>\n```\n\n## 💻 Live demo\n\nLive demo of basic Julia roughly based on [this script](code/gettingstarted.jl).\n\n#### Julia type hierarchy for Number type\n\n![](figs/numbertypes.png)\n\nSource: [cormullion](https://discourse.julialang.org/t/diagram-with-all-julia-types/5018)?\n"},"formats":{"html":{"identifier":{"display-name":"HTML","target-format":"html","base-format":"html"},"execute":{"fig-width":7,"fig-height":5,"fig-format":"retina","fig-dpi":96,"df-print":"default","error":false,"eval":true,"cache":null,"freeze":"auto","echo":true,"output":true,"warning":true,"include":true,"keep-md":false,"keep-ipynb":false,"ipynb":null,"enabled":null,"daemon":null,"daemon-restart":false,"debug":false,"ipynb-filters":[],"ipynb-shell-interactivity":null,"plotly-connected":true,"engine":"markdown","env":{"JULIA_PROJECT":"~/Dropbox/Teaching/Julia/Ecosta2025Tutorial"}},"render":{"keep-tex":false,"keep-typ":false,"keep-source":false,"keep-hidden":false,"prefer-html":false,"output-divs":true,"output-ext":"html","fig-align":"default","fig-pos":null,"fig-env":null,"code-fold":"none","code-overflow":"scroll","code-link":false,"code-line-numbers":false,"code-tools":false,"tbl-colwidths":"auto","merge-includes":true,"inline-includes":false,"preserve-yaml":false,"latex-auto-mk":true,"latex-auto-install":true,"latex-clean":true,"latex-min-runs":1,"latex-max-runs":10,"latex-makeindex":"makeindex","latex-makeindex-opts":[],"latex-tlmgr-opts":[],"latex-input-paths":[],"latex-output-dir":null,"link-external-icon":false,"link-external-newwindow":false,"self-contained-math":false,"format-resources":[],"notebook-links":true},"pandoc":{"standalone":true,"wrap":"none","default-image-extension":"png","to":"html","css":["styles.css"],"toc":true,"include-in-header":{"text":"<style>\n/* Quarto right-margin TOC container */\n#quarto-margin-sidebar {\n  position: static !important;\n  top: auto !important;\n  max-height: none !important;\n  overflow: visible !important;\n}\n/* If your build uses Bootstrap's sticky helper inside the margin sidebar */\n#quarto-margin-sidebar .sticky-top {\n  position: static !important;\n  top: auto !important;\n}\n/* Fallback for older class names */\n.toc-sidebar, .toc-column {\n  position: static !important;\n  top: auto !important;\n}\n/* Keep the TOC itself non-sticky just in case */\nnav#TOC {\n  position: static !important;\n}\n</style>\n"},"output-file":"gettingstarted.html"},"language":{"toc-title-document":"Table of contents","toc-title-website":"On this page","related-formats-title":"Other Formats","related-notebooks-title":"Notebooks","source-notebooks-prefix":"Source","other-links-title":"Other Links","code-links-title":"Code Links","launch-dev-container-title":"Launch Dev Container","launch-binder-title":"Launch Binder","article-notebook-label":"Article Notebook","notebook-preview-download":"Download Notebook","notebook-preview-download-src":"Download Source","notebook-preview-back":"Back to Article","manuscript-meca-bundle":"MECA Bundle","section-title-abstract":"Abstract","section-title-appendices":"Appendices","section-title-footnotes":"Footnotes","section-title-references":"References","section-title-reuse":"Reuse","section-title-copyright":"Copyright","section-title-citation":"Citation","appendix-attribution-cite-as":"For attribution, please cite this work as:","appendix-attribution-bibtex":"BibTeX citation:","appendix-view-license":"View License","title-block-author-single":"Author","title-block-author-plural":"Authors","title-block-affiliation-single":"Affiliation","title-block-affiliation-plural":"Affiliations","title-block-published":"Published","title-block-modified":"Modified","title-block-keywords":"Keywords","callout-tip-title":"Tip","callout-note-title":"Note","callout-warning-title":"Warning","callout-important-title":"Important","callout-caution-title":"Caution","code-summary":"Code","code-tools-menu-caption":"Code","code-tools-show-all-code":"Show All Code","code-tools-hide-all-code":"Hide All Code","code-tools-view-source":"View Source","code-tools-source-code":"Source Code","tools-share":"Share","tools-download":"Download","code-line":"Line","code-lines":"Lines","copy-button-tooltip":"Copy to Clipboard","copy-button-tooltip-success":"Copied!","repo-action-links-edit":"Edit this page","repo-action-links-source":"View source","repo-action-links-issue":"Report an issue","back-to-top":"Back to top","search-no-results-text":"No results","search-matching-documents-text":"matching documents","search-copy-link-title":"Copy link to search","search-hide-matches-text":"Hide additional matches","search-more-match-text":"more match in this document","search-more-matches-text":"more matches in this document","search-clear-button-title":"Clear","search-text-placeholder":"","search-detached-cancel-button-title":"Cancel","search-submit-button-title":"Submit","search-label":"Search","toggle-section":"Toggle section","toggle-sidebar":"Toggle sidebar navigation","toggle-dark-mode":"Toggle dark mode","toggle-reader-mode":"Toggle reader mode","toggle-navigation":"Toggle navigation","crossref-fig-title":"Figure","crossref-tbl-title":"Table","crossref-lst-title":"Listing","crossref-thm-title":"Theorem","crossref-lem-title":"Lemma","crossref-cor-title":"Corollary","crossref-prp-title":"Proposition","crossref-cnj-title":"Conjecture","crossref-def-title":"Definition","crossref-exm-title":"Example","crossref-exr-title":"Exercise","crossref-ch-prefix":"Chapter","crossref-apx-prefix":"Appendix","crossref-sec-prefix":"Section","crossref-eq-prefix":"Equation","crossref-lof-title":"List of Figures","crossref-lot-title":"List of Tables","crossref-lol-title":"List of Listings","environment-proof-title":"Proof","environment-remark-title":"Remark","environment-solution-title":"Solution","listing-page-order-by":"Order By","listing-page-order-by-default":"Default","listing-page-order-by-date-asc":"Oldest","listing-page-order-by-date-desc":"Newest","listing-page-order-by-number-desc":"High to Low","listing-page-order-by-number-asc":"Low to High","listing-page-field-date":"Date","listing-page-field-title":"Title","listing-page-field-description":"Description","listing-page-field-author":"Author","listing-page-field-filename":"File Name","listing-page-field-filemodified":"Modified","listing-page-field-subtitle":"Subtitle","listing-page-field-readingtime":"Reading Time","listing-page-field-wordcount":"Word Count","listing-page-field-categories":"Categories","listing-page-minutes-compact":"{0} min","listing-page-category-all":"All","listing-page-no-matches":"No matching items","listing-page-words":"{0} words","listing-page-filter":"Filter","draft":"Draft"},"metadata":{"lang":"en","fig-responsive":true,"quarto-version":"1.7.32","knitr":{"opts_knit":{"verbose":false}},"callout-appearance":"default","theme":{"light":"lumen","dark":"superhero"},"toc-location":"right","toc-title":"Contents","title":"Getting started with Julia","author":"Mattias Villani","editor":"visual"},"extensions":{"book":{"multiFile":true}}}},"projectFormats":["html"]}