{"title":"Julia for Statistics - a tutorial","markdown":{"yaml":{"title":"Julia for Statistics - a tutorial","format":"html","editor":{"markdown":{"wrap":72}}},"headingText":"Aim","containsRefs":false,"markdown":"\n\n<!-- Place this tag in your head or just before your close body tag. -->\n\n```{=html}\n<script async defer src=\"https://buttons.github.io/buttons.js\"></script>\n```\n\n<img src=\"misc/banner_image3.png\" alt=\"AI generated banner image\" class=\"center\" width=\"100%\"/>\n\n<!-- Place this tag where you want the button to render. -->\n\n<a class=\"github-button\" href=\"https://github.com/mattiasvillani/Julia4Stats\" data-color-scheme=\"no-preference: dark; light: light; dark: dark;\" data-size=\"large\" data-show-count=\"true\" aria-label=\"Star mattiasvillani/Julia4Stats on GitHub\">Star</a>\n\n> This tutorial was prepared as part of the COST action HiTEc for the\n> Econometrics & Statistics (Ecosta) 2025 conference in Tokyo.\n\n|  |  |\n|------------------------------------|------------------------------------|\n| ![](figs/logo_hitec.png){width=\"300\"} | ![](images/clipboard-2072130348.png){width=\"99\" height=\"54\"} |\n\n\nThis tutorial introduces the Julia programming language and its use for\nstatistical analysis. <br> The following topics will be covered:\n\n-   introduction to the Julia programming language\n\n-   the package manager and tooling\n\n-   managing data in Julia\n\n-   plots for statistics\n\n-   statistical distributions\n\n-   likelihood inference using numerical optimization\n\n-   working with R and Python in Julia\n\n-   probabilistic programming for statistical inference using Turing.jl\n\n### Instructor\n\n<img src=\"/misc/villani_foto.jpg\" width=\"15%\"/>\\\n[Mattias Villani](https://mattiasvillani.com)<br> Professor of\nStatistics<br> Stockholm University\n\n### Before the tutorial\n\nYou may want to install Julia and VS code before the tutorial, to follow\nalong in my interactive demos and also experiment yourself. I will not\nassume that you have installed Julia however, and you can attend the\ntutorial just to listen. See the first lecture for information on how to\ninstall Julia and (optionally, but recommended, VS Code). If you want to\nhave the same packages and versions that I use in the tutorial, do this\nafter you have installed Julia:\n\n-   Download the [Project.toml](Project.toml) and\n    [Manifest.toml](Manifest.toml) files and place them in your\n    directory of choice.\n-   Start Julia by typing `julia` in the terminal.\n-   In Julia, cd to your directory by typing\n    `cd(\"PathToYourDirectory\")`.\n-   In Julia, type `]` and press `Enter` to enter the package manager.\n    The prompt should change to something with `pkg>`.\n-   activate the environment by typing `activate .` and `Enter`. (that\n    is `activate` followed by space and a dot).\n-   Instantiate the environment with all dependencies by typing\n    `instantiate` and `Enter`. This will takes some time since many\n    packages are installed and precompiled.\n-   Press `Backspace` to exit the package manager.\n\n### Workshop plan, materials and schedule\n\n------------------------------------------------------------------------\n\n**Lecture 1 - The Julia programming language and tooling**<br> Time:\n14.00-15.00 <br> Reading: [Getting started with\nJulia](gettingstarted.qmd) <br> Live demo: [Basic\nJulia](code/gettingstarted.jl)\n\n🍎 *leg stretcher*\n\n**Lecture 2 - Working with data in Julia**<br> Time: 15.00-16.00 <br>\nReading: [Read, managing and plotting data](workingwithdata.qmd) <br>\nCode: [DataFrames.jl](code/workingwithdata_dataframes.jl) \\|\n[Tidier.jl](code/workingwithdata_tidier.jl) \\| [Plots](code/plotting.jl)\n\n☕ *tea break*\n\n**Lecture 3 - Statistics in Julia**<br> Time: 16.30-17.30 <br> Reading:\n[Distributions and Optimization](dist_optim_R.qmd) \\| [Interop with R\nand Python](interop.qmd) <br> Code:\n[Distributions](code/distributions.jl) \\|\n[Optimization](code/optimization.jl) \\| [Working with R and\nPython](code/interop.jl)\n\n🍓 *leg stretcher*\n\n**Lecture 4 - Probabilistic programming using Turing.jl**<br> Time:\n17.30-18.30 <br> Reading: [Probabilistic programming with\nTuring.jl](turing.qmd)<br>\n\n### More material\n\n[Books, courses and podcasts etc about Julia](resources.qmd)<br> [A\ncollection of Julia links](links.qmd)<br> [Writing Julia\npackages](building_packages.qmd)<br> [More on packages and the package\nmanager](packagemanager.qmd)\n","srcMarkdownNoYaml":"\n\n<!-- Place this tag in your head or just before your close body tag. -->\n\n```{=html}\n<script async defer src=\"https://buttons.github.io/buttons.js\"></script>\n```\n\n<img src=\"misc/banner_image3.png\" alt=\"AI generated banner image\" class=\"center\" width=\"100%\"/>\n\n<!-- Place this tag where you want the button to render. -->\n\n<a class=\"github-button\" href=\"https://github.com/mattiasvillani/Julia4Stats\" data-color-scheme=\"no-preference: dark; light: light; dark: dark;\" data-size=\"large\" data-show-count=\"true\" aria-label=\"Star mattiasvillani/Julia4Stats on GitHub\">Star</a>\n\n> This tutorial was prepared as part of the COST action HiTEc for the\n> Econometrics & Statistics (Ecosta) 2025 conference in Tokyo.\n\n|  |  |\n|------------------------------------|------------------------------------|\n| ![](figs/logo_hitec.png){width=\"300\"} | ![](images/clipboard-2072130348.png){width=\"99\" height=\"54\"} |\n\n### Aim\n\nThis tutorial introduces the Julia programming language and its use for\nstatistical analysis. <br> The following topics will be covered:\n\n-   introduction to the Julia programming language\n\n-   the package manager and tooling\n\n-   managing data in Julia\n\n-   plots for statistics\n\n-   statistical distributions\n\n-   likelihood inference using numerical optimization\n\n-   working with R and Python in Julia\n\n-   probabilistic programming for statistical inference using Turing.jl\n\n### Instructor\n\n<img src=\"/misc/villani_foto.jpg\" width=\"15%\"/>\\\n[Mattias Villani](https://mattiasvillani.com)<br> Professor of\nStatistics<br> Stockholm University\n\n### Before the tutorial\n\nYou may want to install Julia and VS code before the tutorial, to follow\nalong in my interactive demos and also experiment yourself. I will not\nassume that you have installed Julia however, and you can attend the\ntutorial just to listen. See the first lecture for information on how to\ninstall Julia and (optionally, but recommended, VS Code). If you want to\nhave the same packages and versions that I use in the tutorial, do this\nafter you have installed Julia:\n\n-   Download the [Project.toml](Project.toml) and\n    [Manifest.toml](Manifest.toml) files and place them in your\n    directory of choice.\n-   Start Julia by typing `julia` in the terminal.\n-   In Julia, cd to your directory by typing\n    `cd(\"PathToYourDirectory\")`.\n-   In Julia, type `]` and press `Enter` to enter the package manager.\n    The prompt should change to something with `pkg>`.\n-   activate the environment by typing `activate .` and `Enter`. (that\n    is `activate` followed by space and a dot).\n-   Instantiate the environment with all dependencies by typing\n    `instantiate` and `Enter`. This will takes some time since many\n    packages are installed and precompiled.\n-   Press `Backspace` to exit the package manager.\n\n### Workshop plan, materials and schedule\n\n------------------------------------------------------------------------\n\n**Lecture 1 - The Julia programming language and tooling**<br> Time:\n14.00-15.00 <br> Reading: [Getting started with\nJulia](gettingstarted.qmd) <br> Live demo: [Basic\nJulia](code/gettingstarted.jl)\n\n🍎 *leg stretcher*\n\n**Lecture 2 - Working with data in Julia**<br> Time: 15.00-16.00 <br>\nReading: [Read, managing and plotting data](workingwithdata.qmd) <br>\nCode: [DataFrames.jl](code/workingwithdata_dataframes.jl) \\|\n[Tidier.jl](code/workingwithdata_tidier.jl) \\| [Plots](code/plotting.jl)\n\n☕ *tea break*\n\n**Lecture 3 - Statistics in Julia**<br> Time: 16.30-17.30 <br> Reading:\n[Distributions and Optimization](dist_optim_R.qmd) \\| [Interop with R\nand Python](interop.qmd) <br> Code:\n[Distributions](code/distributions.jl) \\|\n[Optimization](code/optimization.jl) \\| [Working with R and\nPython](code/interop.jl)\n\n🍓 *leg stretcher*\n\n**Lecture 4 - Probabilistic programming using Turing.jl**<br> Time:\n17.30-18.30 <br> Reading: [Probabilistic programming with\nTuring.jl](turing.qmd)<br>\n\n### More material\n\n[Books, courses and podcasts etc about Julia](resources.qmd)<br> [A\ncollection of Julia links](links.qmd)<br> [Writing Julia\npackages](building_packages.qmd)<br> [More on packages and the package\nmanager](packagemanager.qmd)\n"},"formats":{"html":{"identifier":{"display-name":"HTML","target-format":"html","base-format":"html"},"execute":{"fig-width":7,"fig-height":5,"fig-format":"retina","fig-dpi":96,"df-print":"default","error":false,"eval":true,"cache":null,"freeze":"auto","echo":true,"output":true,"warning":true,"include":true,"keep-md":false,"keep-ipynb":false,"ipynb":null,"enabled":null,"daemon":null,"daemon-restart":false,"debug":false,"ipynb-filters":[],"ipynb-shell-interactivity":null,"plotly-connected":true,"engine":"markdown","env":{"JULIA_PROJECT":"~/Dropbox/Teaching/Julia/Ecosta2025Tutorial"}},"render":{"keep-tex":false,"keep-typ":false,"keep-source":false,"keep-hidden":false,"prefer-html":false,"output-divs":true,"output-ext":"html","fig-align":"default","fig-pos":null,"fig-env":null,"code-fold":"none","code-overflow":"scroll","code-link":false,"code-line-numbers":false,"code-tools":false,"tbl-colwidths":"auto","merge-includes":true,"inline-includes":false,"preserve-yaml":false,"latex-auto-mk":true,"latex-auto-install":true,"latex-clean":true,"latex-min-runs":1,"latex-max-runs":10,"latex-makeindex":"makeindex","latex-makeindex-opts":[],"latex-tlmgr-opts":[],"latex-input-paths":[],"latex-output-dir":null,"link-external-icon":false,"link-external-newwindow":false,"self-contained-math":false,"format-resources":[],"notebook-links":true},"pandoc":{"standalone":true,"wrap":"none","default-image-extension":"png","to":"html","css":["styles.css"],"toc":true,"include-in-header":{"text":"<style>\n/* Quarto right-margin TOC container */\n#quarto-margin-sidebar {\n  position: static !important;\n  top: auto !important;\n  max-height: none !important;\n  overflow: visible !important;\n}\n/* If your build uses Bootstrap's sticky helper inside the margin sidebar */\n#quarto-margin-sidebar .sticky-top {\n  position: static !important;\n  top: auto !important;\n}\n/* Fallback for older class names */\n.toc-sidebar, .toc-column {\n  position: static !important;\n  top: auto !important;\n}\n/* Keep the TOC itself non-sticky just in case */\nnav#TOC {\n  position: static !important;\n}\n</style>\n"},"output-file":"index.html"},"language":{"toc-title-document":"Table of contents","toc-title-website":"On this page","related-formats-title":"Other Formats","related-notebooks-title":"Notebooks","source-notebooks-prefix":"Source","other-links-title":"Other Links","code-links-title":"Code Links","launch-dev-container-title":"Launch Dev Container","launch-binder-title":"Launch Binder","article-notebook-label":"Article Notebook","notebook-preview-download":"Download Notebook","notebook-preview-download-src":"Download Source","notebook-preview-back":"Back to Article","manuscript-meca-bundle":"MECA Bundle","section-title-abstract":"Abstract","section-title-appendices":"Appendices","section-title-footnotes":"Footnotes","section-title-references":"References","section-title-reuse":"Reuse","section-title-copyright":"Copyright","section-title-citation":"Citation","appendix-attribution-cite-as":"For attribution, please cite this work as:","appendix-attribution-bibtex":"BibTeX citation:","appendix-view-license":"View License","title-block-author-single":"Author","title-block-author-plural":"Authors","title-block-affiliation-single":"Affiliation","title-block-affiliation-plural":"Affiliations","title-block-published":"Published","title-block-modified":"Modified","title-block-keywords":"Keywords","callout-tip-title":"Tip","callout-note-title":"Note","callout-warning-title":"Warning","callout-important-title":"Important","callout-caution-title":"Caution","code-summary":"Code","code-tools-menu-caption":"Code","code-tools-show-all-code":"Show All Code","code-tools-hide-all-code":"Hide All Code","code-tools-view-source":"View Source","code-tools-source-code":"Source Code","tools-share":"Share","tools-download":"Download","code-line":"Line","code-lines":"Lines","copy-button-tooltip":"Copy to Clipboard","copy-button-tooltip-success":"Copied!","repo-action-links-edit":"Edit this page","repo-action-links-source":"View source","repo-action-links-issue":"Report an issue","back-to-top":"Back to top","search-no-results-text":"No results","search-matching-documents-text":"matching documents","search-copy-link-title":"Copy link to search","search-hide-matches-text":"Hide additional matches","search-more-match-text":"more match in this document","search-more-matches-text":"more matches in this document","search-clear-button-title":"Clear","search-text-placeholder":"","search-detached-cancel-button-title":"Cancel","search-submit-button-title":"Submit","search-label":"Search","toggle-section":"Toggle section","toggle-sidebar":"Toggle sidebar navigation","toggle-dark-mode":"Toggle dark mode","toggle-reader-mode":"Toggle reader mode","toggle-navigation":"Toggle navigation","crossref-fig-title":"Figure","crossref-tbl-title":"Table","crossref-lst-title":"Listing","crossref-thm-title":"Theorem","crossref-lem-title":"Lemma","crossref-cor-title":"Corollary","crossref-prp-title":"Proposition","crossref-cnj-title":"Conjecture","crossref-def-title":"Definition","crossref-exm-title":"Example","crossref-exr-title":"Exercise","crossref-ch-prefix":"Chapter","crossref-apx-prefix":"Appendix","crossref-sec-prefix":"Section","crossref-eq-prefix":"Equation","crossref-lof-title":"List of Figures","crossref-lot-title":"List of Tables","crossref-lol-title":"List of Listings","environment-proof-title":"Proof","environment-remark-title":"Remark","environment-solution-title":"Solution","listing-page-order-by":"Order By","listing-page-order-by-default":"Default","listing-page-order-by-date-asc":"Oldest","listing-page-order-by-date-desc":"Newest","listing-page-order-by-number-desc":"High to Low","listing-page-order-by-number-asc":"Low to High","listing-page-field-date":"Date","listing-page-field-title":"Title","listing-page-field-description":"Description","listing-page-field-author":"Author","listing-page-field-filename":"File Name","listing-page-field-filemodified":"Modified","listing-page-field-subtitle":"Subtitle","listing-page-field-readingtime":"Reading Time","listing-page-field-wordcount":"Word Count","listing-page-field-categories":"Categories","listing-page-minutes-compact":"{0} min","listing-page-category-all":"All","listing-page-no-matches":"No matching items","listing-page-words":"{0} words","listing-page-filter":"Filter","draft":"Draft"},"metadata":{"lang":"en","fig-responsive":true,"quarto-version":"1.7.32","knitr":{"opts_knit":{"verbose":false}},"callout-appearance":"default","theme":{"light":"lumen","dark":"superhero"},"toc-location":"right","toc-title":"Contents","title":"Julia for Statistics - a tutorial","editor":{"markdown":{"wrap":72}}},"extensions":{"book":{"multiFile":true}}}},"projectFormats":["html"]}