{"title":"Julia + R + Python = True","markdown":{"yaml":{"title":"Julia + R + Python = True","author":"Mattias Villani","editor":"visual"},"headingText":"Calling R from Julia code","containsRefs":false,"markdown":"\n\n\n-   The [RCall.jl](https://juliainterop.github.io/RCall.jl/stable/) package makes it possible to call R from Julia.\n\n    -   An R package or function may be lacking in Julia\n\n    -   Benchmarking against methods in R packages.\n\n-   RCall.jl does:\n\n    -   **Sends R commands** to an R session in the background.\n\n    -   **Moves data** from Julia to R, and R back to Julia.\n\n    -   **Transforms data structures** in Julia to the \"right\" data structure in R. Dictionary -\\> list etc.\n\n    -   Enter **R mode** by typing `$` to get access to R console.\n\n-   To send a command to R, use `R\"julia_expression\"`\n\n```{julia}\nusing RCall         # Julia session must be set up, see RCall.jl docs\nR\"plot(rnorm(10))\";  # Evaluates in R\n```\n\n-   Variables in Julia can be interpolated in R code using the `$` -syntax\n\n```{julia}\nn = 10\nR\"plot(rnorm($n))\";\n```\n\n-   Julia variables can be sent to R with @rput .\n\n-   R variables can be sent back to Julia with @rget.\n\n```{julia}\n# Just some regression data to play with\nn = 100\np = 3\nX = randn(n,p)\nβ = [1, 2, 0.5]\nσ = 0.3\ny  = X*β + σ*randn(n)\n@rput y               # y now lives in the R session\n@rput X\nR\"modelFit <- lm(y ~ X)\"\nR\"betaHat <- modelFit$coef\"\nβhat = @rget betaHat  # Pull the R variable betaHat back to Julia\nβhat                  # lives in Julia now\n```\n\n-   For longer multiline code chunks, use the triple quotes:\n\n    ```{julia}\n    z = 2\n    @rput z\n    R\"\"\"\n        f <- function(x, z) x + z\n        fvalue <- f(1, $z)\n    \"\"\"\n    out = @rget fvalue # Pull the R variable out back to Julia\n    ```\n\n-   Wrap R functions into Julia functions (works also for installed packages):\n\n    ```{julia}\n    function ARMAacf(ar, ma; lagmax, pacf = false) \n        R\"\"\"\n            acf_theo = ARMAacf(ar = $ar, ma = $ma, lag.max = $lagmax, pacf = $pacf)\n        \"\"\"\n        @rget acf_theo\n    \treturn acf_theo\n    end\n\n    ARMAacf([0.5, -0.2], [0.3]; lagmax = 5) # This is Julia function now\n    ```\n\n## Calling Julia from R\n\n-   The `JuliaCall` package in R can be used to call Julia code from R.\n\n-   One time setup (install Julia first):\n\n```{r}\nlibrary(JuliaCall)\noptions(JULIA_HOME = \" ~/.juliaup/bin/julia\")     # Set path to Julia binary\njulia_setup()                                     # Setup Julia\njulia_command(\"a = sqrt(2.0)\")                    # Just testing the install\n```\n\nHere is a simple example:\n\n```{r}\njulia_install_package(\"LinearAlgebra\")            # Installs Julia package\njulia_library(\"LinearAlgebra\")                    # Loads Julia package\njulia_install_package(\"Distributions\")           \njulia_library(\"Distributions\")\n\njulia_source(\"code/poisloglik.jl\") # Julia code file, contains:\n#function poisreg_loglik(β, y, X)                        \n#   return sum(logpdf.(Poisson.(exp.(X*β)), y))\n#end\n\n# This is the R function definition, wrapping the Julia function\npoisreg_loglik <- function(beta_, y, X){\n  return(julia_call(\"poisreg_loglik\", beta_, y, X))\n}\nX = cbind(1, matrix(rnorm(100)))\nbeta_ = c(0.5,-0.5)\ny = rpois(100, lambda = exp(X %*% beta_))\npoisreg_loglik(beta_, y, X)\n```\n\n-   The R package <https://github.com/Non-Contradiction/autodiffr> uses JuliaCall to bring autodiff to R.\n\n## Using Python from Julia\n\n-   The [PyCall.jl](https://github.com/JuliaPy/PyCall.jl) package makes it possible to use Python code from Julia.\n\n-   At setup, you may need to tell PyCall.jl where your Python install is with `ENV[\"PYTHON\"] = \"~/anaconda3/bin/python\"` (this is my path) and then re-build PyCall from the package manager with `] build PyCall`\n\n-   Here is an example using the matplotlib library in Python for plotting\n\n    ```{julia}\n    using PyCall\n    x = range(0; stop=2*pi, length=1000)\n    y = sin.(3*x)\n    plt = pyimport(\"matplotlib.pyplot\")  # importing matplotlib as plt\n    plt.plot(x, y, color=\"red\", linewidth=2.0, linestyle=\"--\")\n    plt.show()\n    ```\n\n-   Using Newton's method in the Python package SciPy for root finding\n\n    ```{julia}\n    so = pyimport(\"scipy.optimize\")\n    so.newton(x -> cos(x) - x, 1)\n    ```\n\n-   Using Python function in Julia:\n\n    ```{julia}\n    py\"\"\"\n    import numpy as np\n\n    def my_sin(x):\n        print(\"hello from the Python side.\")\n        return np.sin(x)\n    \"\"\"\n    py\"my_sin\"(π/2)\n    ```\n\n-   Wrap a Python function in a Julia function\n\n```{julia}\nfunction my_sin(x)\n    return(py\"my_sin\"(x))\nend\nmy_sin(π/2) # This is a Julia function now\n```\n","srcMarkdownNoYaml":"\n\n## Calling R from Julia code\n\n-   The [RCall.jl](https://juliainterop.github.io/RCall.jl/stable/) package makes it possible to call R from Julia.\n\n    -   An R package or function may be lacking in Julia\n\n    -   Benchmarking against methods in R packages.\n\n-   RCall.jl does:\n\n    -   **Sends R commands** to an R session in the background.\n\n    -   **Moves data** from Julia to R, and R back to Julia.\n\n    -   **Transforms data structures** in Julia to the \"right\" data structure in R. Dictionary -\\> list etc.\n\n    -   Enter **R mode** by typing `$` to get access to R console.\n\n-   To send a command to R, use `R\"julia_expression\"`\n\n```{julia}\nusing RCall         # Julia session must be set up, see RCall.jl docs\nR\"plot(rnorm(10))\";  # Evaluates in R\n```\n\n-   Variables in Julia can be interpolated in R code using the `$` -syntax\n\n```{julia}\nn = 10\nR\"plot(rnorm($n))\";\n```\n\n-   Julia variables can be sent to R with @rput .\n\n-   R variables can be sent back to Julia with @rget.\n\n```{julia}\n# Just some regression data to play with\nn = 100\np = 3\nX = randn(n,p)\nβ = [1, 2, 0.5]\nσ = 0.3\ny  = X*β + σ*randn(n)\n@rput y               # y now lives in the R session\n@rput X\nR\"modelFit <- lm(y ~ X)\"\nR\"betaHat <- modelFit$coef\"\nβhat = @rget betaHat  # Pull the R variable betaHat back to Julia\nβhat                  # lives in Julia now\n```\n\n-   For longer multiline code chunks, use the triple quotes:\n\n    ```{julia}\n    z = 2\n    @rput z\n    R\"\"\"\n        f <- function(x, z) x + z\n        fvalue <- f(1, $z)\n    \"\"\"\n    out = @rget fvalue # Pull the R variable out back to Julia\n    ```\n\n-   Wrap R functions into Julia functions (works also for installed packages):\n\n    ```{julia}\n    function ARMAacf(ar, ma; lagmax, pacf = false) \n        R\"\"\"\n            acf_theo = ARMAacf(ar = $ar, ma = $ma, lag.max = $lagmax, pacf = $pacf)\n        \"\"\"\n        @rget acf_theo\n    \treturn acf_theo\n    end\n\n    ARMAacf([0.5, -0.2], [0.3]; lagmax = 5) # This is Julia function now\n    ```\n\n## Calling Julia from R\n\n-   The `JuliaCall` package in R can be used to call Julia code from R.\n\n-   One time setup (install Julia first):\n\n```{r}\nlibrary(JuliaCall)\noptions(JULIA_HOME = \" ~/.juliaup/bin/julia\")     # Set path to Julia binary\njulia_setup()                                     # Setup Julia\njulia_command(\"a = sqrt(2.0)\")                    # Just testing the install\n```\n\nHere is a simple example:\n\n```{r}\njulia_install_package(\"LinearAlgebra\")            # Installs Julia package\njulia_library(\"LinearAlgebra\")                    # Loads Julia package\njulia_install_package(\"Distributions\")           \njulia_library(\"Distributions\")\n\njulia_source(\"code/poisloglik.jl\") # Julia code file, contains:\n#function poisreg_loglik(β, y, X)                        \n#   return sum(logpdf.(Poisson.(exp.(X*β)), y))\n#end\n\n# This is the R function definition, wrapping the Julia function\npoisreg_loglik <- function(beta_, y, X){\n  return(julia_call(\"poisreg_loglik\", beta_, y, X))\n}\nX = cbind(1, matrix(rnorm(100)))\nbeta_ = c(0.5,-0.5)\ny = rpois(100, lambda = exp(X %*% beta_))\npoisreg_loglik(beta_, y, X)\n```\n\n-   The R package <https://github.com/Non-Contradiction/autodiffr> uses JuliaCall to bring autodiff to R.\n\n## Using Python from Julia\n\n-   The [PyCall.jl](https://github.com/JuliaPy/PyCall.jl) package makes it possible to use Python code from Julia.\n\n-   At setup, you may need to tell PyCall.jl where your Python install is with `ENV[\"PYTHON\"] = \"~/anaconda3/bin/python\"` (this is my path) and then re-build PyCall from the package manager with `] build PyCall`\n\n-   Here is an example using the matplotlib library in Python for plotting\n\n    ```{julia}\n    using PyCall\n    x = range(0; stop=2*pi, length=1000)\n    y = sin.(3*x)\n    plt = pyimport(\"matplotlib.pyplot\")  # importing matplotlib as plt\n    plt.plot(x, y, color=\"red\", linewidth=2.0, linestyle=\"--\")\n    plt.show()\n    ```\n\n-   Using Newton's method in the Python package SciPy for root finding\n\n    ```{julia}\n    so = pyimport(\"scipy.optimize\")\n    so.newton(x -> cos(x) - x, 1)\n    ```\n\n-   Using Python function in Julia:\n\n    ```{julia}\n    py\"\"\"\n    import numpy as np\n\n    def my_sin(x):\n        print(\"hello from the Python side.\")\n        return np.sin(x)\n    \"\"\"\n    py\"my_sin\"(π/2)\n    ```\n\n-   Wrap a Python function in a Julia function\n\n```{julia}\nfunction my_sin(x)\n    return(py\"my_sin\"(x))\nend\nmy_sin(π/2) # This is a Julia function now\n```\n"},"formats":{"html":{"identifier":{"display-name":"HTML","target-format":"html","base-format":"html"},"execute":{"fig-width":7,"fig-height":5,"fig-format":"retina","fig-dpi":96,"df-print":"default","error":false,"eval":true,"cache":null,"freeze":"auto","echo":true,"output":true,"warning":true,"include":true,"keep-md":false,"keep-ipynb":false,"ipynb":null,"enabled":null,"daemon":null,"daemon-restart":false,"debug":false,"ipynb-filters":[],"ipynb-shell-interactivity":null,"plotly-connected":true,"engine":"jupyter","env":{"JULIA_PROJECT":"~/Dropbox/Teaching/Julia/Ecosta2025Tutorial"}},"render":{"keep-tex":false,"keep-typ":false,"keep-source":false,"keep-hidden":false,"prefer-html":false,"output-divs":true,"output-ext":"html","fig-align":"default","fig-pos":null,"fig-env":null,"code-fold":"none","code-overflow":"scroll","code-link":false,"code-line-numbers":false,"code-tools":false,"tbl-colwidths":"auto","merge-includes":true,"inline-includes":false,"preserve-yaml":false,"latex-auto-mk":true,"latex-auto-install":true,"latex-clean":true,"latex-min-runs":1,"latex-max-runs":10,"latex-makeindex":"makeindex","latex-makeindex-opts":[],"latex-tlmgr-opts":[],"latex-input-paths":[],"latex-output-dir":null,"link-external-icon":false,"link-external-newwindow":false,"self-contained-math":false,"format-resources":[],"notebook-links":true},"pandoc":{"standalone":true,"wrap":"none","default-image-extension":"png","to":"html","css":["styles.css"],"toc":true,"include-in-header":{"text":"<style>\n/* Quarto right-margin TOC container */\n#quarto-margin-sidebar {\n  position: static !important;\n  top: auto !important;\n  max-height: none !important;\n  overflow: visible !important;\n}\n/* If your build uses Bootstrap's sticky helper inside the margin sidebar */\n#quarto-margin-sidebar .sticky-top {\n  position: static !important;\n  top: auto !important;\n}\n/* Fallback for older class names */\n.toc-sidebar, .toc-column {\n  position: static !important;\n  top: auto !important;\n}\n/* Keep the TOC itself non-sticky just in case */\nnav#TOC {\n  position: static !important;\n}\n</style>\n"},"output-file":"interop.html"},"language":{"toc-title-document":"Table of contents","toc-title-website":"On this page","related-formats-title":"Other Formats","related-notebooks-title":"Notebooks","source-notebooks-prefix":"Source","other-links-title":"Other Links","code-links-title":"Code Links","launch-dev-container-title":"Launch Dev Container","launch-binder-title":"Launch Binder","article-notebook-label":"Article Notebook","notebook-preview-download":"Download Notebook","notebook-preview-download-src":"Download Source","notebook-preview-back":"Back to Article","manuscript-meca-bundle":"MECA Bundle","section-title-abstract":"Abstract","section-title-appendices":"Appendices","section-title-footnotes":"Footnotes","section-title-references":"References","section-title-reuse":"Reuse","section-title-copyright":"Copyright","section-title-citation":"Citation","appendix-attribution-cite-as":"For attribution, please cite this work as:","appendix-attribution-bibtex":"BibTeX citation:","appendix-view-license":"View License","title-block-author-single":"Author","title-block-author-plural":"Authors","title-block-affiliation-single":"Affiliation","title-block-affiliation-plural":"Affiliations","title-block-published":"Published","title-block-modified":"Modified","title-block-keywords":"Keywords","callout-tip-title":"Tip","callout-note-title":"Note","callout-warning-title":"Warning","callout-important-title":"Important","callout-caution-title":"Caution","code-summary":"Code","code-tools-menu-caption":"Code","code-tools-show-all-code":"Show All Code","code-tools-hide-all-code":"Hide All Code","code-tools-view-source":"View Source","code-tools-source-code":"Source Code","tools-share":"Share","tools-download":"Download","code-line":"Line","code-lines":"Lines","copy-button-tooltip":"Copy to Clipboard","copy-button-tooltip-success":"Copied!","repo-action-links-edit":"Edit this page","repo-action-links-source":"View source","repo-action-links-issue":"Report an issue","back-to-top":"Back to top","search-no-results-text":"No results","search-matching-documents-text":"matching documents","search-copy-link-title":"Copy link to search","search-hide-matches-text":"Hide additional matches","search-more-match-text":"more match in this document","search-more-matches-text":"more matches in this document","search-clear-button-title":"Clear","search-text-placeholder":"","search-detached-cancel-button-title":"Cancel","search-submit-button-title":"Submit","search-label":"Search","toggle-section":"Toggle section","toggle-sidebar":"Toggle sidebar navigation","toggle-dark-mode":"Toggle dark mode","toggle-reader-mode":"Toggle reader mode","toggle-navigation":"Toggle navigation","crossref-fig-title":"Figure","crossref-tbl-title":"Table","crossref-lst-title":"Listing","crossref-thm-title":"Theorem","crossref-lem-title":"Lemma","crossref-cor-title":"Corollary","crossref-prp-title":"Proposition","crossref-cnj-title":"Conjecture","crossref-def-title":"Definition","crossref-exm-title":"Example","crossref-exr-title":"Exercise","crossref-ch-prefix":"Chapter","crossref-apx-prefix":"Appendix","crossref-sec-prefix":"Section","crossref-eq-prefix":"Equation","crossref-lof-title":"List of Figures","crossref-lot-title":"List of Tables","crossref-lol-title":"List of Listings","environment-proof-title":"Proof","environment-remark-title":"Remark","environment-solution-title":"Solution","listing-page-order-by":"Order By","listing-page-order-by-default":"Default","listing-page-order-by-date-asc":"Oldest","listing-page-order-by-date-desc":"Newest","listing-page-order-by-number-desc":"High to Low","listing-page-order-by-number-asc":"Low to High","listing-page-field-date":"Date","listing-page-field-title":"Title","listing-page-field-description":"Description","listing-page-field-author":"Author","listing-page-field-filename":"File Name","listing-page-field-filemodified":"Modified","listing-page-field-subtitle":"Subtitle","listing-page-field-readingtime":"Reading Time","listing-page-field-wordcount":"Word Count","listing-page-field-categories":"Categories","listing-page-minutes-compact":"{0} min","listing-page-category-all":"All","listing-page-no-matches":"No matching items","listing-page-words":"{0} words","listing-page-filter":"Filter","draft":"Draft"},"metadata":{"lang":"en","fig-responsive":true,"quarto-version":"1.7.32","knitr":{"opts_knit":{"verbose":false}},"callout-appearance":"default","theme":{"light":"lumen","dark":"superhero"},"toc-location":"right","toc-title":"Contents","title":"Julia + R + Python = True","author":"Mattias Villani","editor":"visual"},"extensions":{"book":{"multiFile":true}}}},"projectFormats":["html"]}