{"title":"Julia resources","markdown":{"yaml":{"title":"Julia resources","author":"Mattias Villani","editor":"visual"},"headingText":"General","containsRefs":false,"markdown":"\n\n\n-   [The Julia Academy](https://github.com/JuliaAcademy) - great collection of learning resources.\n\n## Cheat sheets\n\n-   <https://cheatsheet.juliadocs.org/>\n\n#### Books\n\nHere is a [list of books](https://julialang.org/learning/books/).\n\n-   [Julia for Data Analysis](https://www.manning.com/books/julia-for-data-analysis)\n\n-   [Hands-On Design Patterns and Best Practices](https://www.amazon.com/dp/183864881X)\n\n-   [Julia High Performance](https://www.packtpub.com/en-us/product/julia-high-performance-9781788298117)\n\n-   [Data Science using Julia](https://juliadatascience.io/)\n\n-   [Julia Quick Syntax Reference](https://link.springer.com/book/10.1007/979-8-8688-0965-1#toc)\n\n#### Online courses\n\n-   [Julia for Data Science](https://juliaacademy.com/p/julia-for-data-science)\n\n-   [Learn Julia in 4 hours](https://www.youtube.com/watch?v=KlorfxsdWDw) (for beginners to programming)\n\n-   [Introduction to Computational thinking](https://computationalthinking.mit.edu/Fall20/) at MIT (using Julia throughout)\n\n-   [Advanced Scientific Computing](https://youtu.be/x4oi0IKf52w?si=WyIkge3sbYCTEjZ2) (open source software development using Julia)\n\n#### Podcasts\n\n-   [Talk Julia](https://www.youtube.com/@TalkJulia)\n\n-   [Julia dispatch](https://www.youtube.com/@JuliaDispatch)\n\n#### Videos\n\n[Julia in 100 seconds](https://www.youtube.com/watch?v=JYs_94znYy0)\n\n[VS code in 100 seconds](https://www.youtube.com/watch?v=KMxo3T_MTvY)\n","srcMarkdownNoYaml":"\n\n#### General\n\n-   [The Julia Academy](https://github.com/JuliaAcademy) - great collection of learning resources.\n\n## Cheat sheets\n\n-   <https://cheatsheet.juliadocs.org/>\n\n#### Books\n\nHere is a [list of books](https://julialang.org/learning/books/).\n\n-   [Julia for Data Analysis](https://www.manning.com/books/julia-for-data-analysis)\n\n-   [Hands-On Design Patterns and Best Practices](https://www.amazon.com/dp/183864881X)\n\n-   [Julia High Performance](https://www.packtpub.com/en-us/product/julia-high-performance-9781788298117)\n\n-   [Data Science using Julia](https://juliadatascience.io/)\n\n-   [Julia Quick Syntax Reference](https://link.springer.com/book/10.1007/979-8-8688-0965-1#toc)\n\n#### Online courses\n\n-   [Julia for Data Science](https://juliaacademy.com/p/julia-for-data-science)\n\n-   [Learn Julia in 4 hours](https://www.youtube.com/watch?v=KlorfxsdWDw) (for beginners to programming)\n\n-   [Introduction to Computational thinking](https://computationalthinking.mit.edu/Fall20/) at MIT (using Julia throughout)\n\n-   [Advanced Scientific Computing](https://youtu.be/x4oi0IKf52w?si=WyIkge3sbYCTEjZ2) (open source software development using Julia)\n\n#### Podcasts\n\n-   [Talk Julia](https://www.youtube.com/@TalkJulia)\n\n-   [Julia dispatch](https://www.youtube.com/@JuliaDispatch)\n\n#### Videos\n\n[Julia in 100 seconds](https://www.youtube.com/watch?v=JYs_94znYy0)\n\n[VS code in 100 seconds](https://www.youtube.com/watch?v=KMxo3T_MTvY)\n"},"formats":{"html":{"identifier":{"display-name":"HTML","target-format":"html","base-format":"html"},"execute":{"fig-width":7,"fig-height":5,"fig-format":"retina","fig-dpi":96,"df-print":"default","error":false,"eval":true,"cache":null,"freeze":"auto","echo":true,"output":true,"warning":true,"include":true,"keep-md":false,"keep-ipynb":false,"ipynb":null,"enabled":null,"daemon":null,"daemon-restart":false,"debug":false,"ipynb-filters":[],"ipynb-shell-interactivity":null,"plotly-connected":true,"engine":"markdown","env":{"JULIA_PROJECT":"~/Dropbox/Teaching/Julia/Ecosta2025Tutorial"}},"render":{"keep-tex":false,"keep-typ":false,"keep-source":false,"keep-hidden":false,"prefer-html":false,"output-divs":true,"output-ext":"html","fig-align":"default","fig-pos":null,"fig-env":null,"code-fold":"none","code-overflow":"scroll","code-link":false,"code-line-numbers":false,"code-tools":false,"tbl-colwidths":"auto","merge-includes":true,"inline-includes":false,"preserve-yaml":false,"latex-auto-mk":true,"latex-auto-install":true,"latex-clean":true,"latex-min-runs":1,"latex-max-runs":10,"latex-makeindex":"makeindex","latex-makeindex-opts":[],"latex-tlmgr-opts":[],"latex-input-paths":[],"latex-output-dir":null,"link-external-icon":false,"link-external-newwindow":false,"self-contained-math":false,"format-resources":[],"notebook-links":true},"pandoc":{"standalone":true,"wrap":"none","default-image-extension":"png","to":"html","css":["styles.css"],"toc":true,"include-in-header":{"text":"<style>\n/* Quarto right-margin TOC container */\n#quarto-margin-sidebar {\n  position: static !important;\n  top: auto !important;\n  max-height: none !important;\n  overflow: visible !important;\n}\n/* If your build uses Bootstrap's sticky helper inside the margin sidebar */\n#quarto-margin-sidebar .sticky-top {\n  position: static !important;\n  top: auto !important;\n}\n/* Fallback for older class names */\n.toc-sidebar, .toc-column {\n  position: static !important;\n  top: auto !important;\n}\n/* Keep the TOC itself non-sticky just in case */\nnav#TOC {\n  position: static !important;\n}\n</style>\n"},"output-file":"resources.html"},"language":{"toc-title-document":"Table of contents","toc-title-website":"On this page","related-formats-title":"Other Formats","related-notebooks-title":"Notebooks","source-notebooks-prefix":"Source","other-links-title":"Other Links","code-links-title":"Code Links","launch-dev-container-title":"Launch Dev Container","launch-binder-title":"Launch Binder","article-notebook-label":"Article Notebook","notebook-preview-download":"Download Notebook","notebook-preview-download-src":"Download Source","notebook-preview-back":"Back to Article","manuscript-meca-bundle":"MECA Bundle","section-title-abstract":"Abstract","section-title-appendices":"Appendices","section-title-footnotes":"Footnotes","section-title-references":"References","section-title-reuse":"Reuse","section-title-copyright":"Copyright","section-title-citation":"Citation","appendix-attribution-cite-as":"For attribution, please cite this work as:","appendix-attribution-bibtex":"BibTeX citation:","appendix-view-license":"View License","title-block-author-single":"Author","title-block-author-plural":"Authors","title-block-affiliation-single":"Affiliation","title-block-affiliation-plural":"Affiliations","title-block-published":"Published","title-block-modified":"Modified","title-block-keywords":"Keywords","callout-tip-title":"Tip","callout-note-title":"Note","callout-warning-title":"Warning","callout-important-title":"Important","callout-caution-title":"Caution","code-summary":"Code","code-tools-menu-caption":"Code","code-tools-show-all-code":"Show All Code","code-tools-hide-all-code":"Hide All Code","code-tools-view-source":"View Source","code-tools-source-code":"Source Code","tools-share":"Share","tools-download":"Download","code-line":"Line","code-lines":"Lines","copy-button-tooltip":"Copy to Clipboard","copy-button-tooltip-success":"Copied!","repo-action-links-edit":"Edit this page","repo-action-links-source":"View source","repo-action-links-issue":"Report an issue","back-to-top":"Back to top","search-no-results-text":"No results","search-matching-documents-text":"matching documents","search-copy-link-title":"Copy link to search","search-hide-matches-text":"Hide additional matches","search-more-match-text":"more match in this document","search-more-matches-text":"more matches in this document","search-clear-button-title":"Clear","search-text-placeholder":"","search-detached-cancel-button-title":"Cancel","search-submit-button-title":"Submit","search-label":"Search","toggle-section":"Toggle section","toggle-sidebar":"Toggle sidebar navigation","toggle-dark-mode":"Toggle dark mode","toggle-reader-mode":"Toggle reader mode","toggle-navigation":"Toggle navigation","crossref-fig-title":"Figure","crossref-tbl-title":"Table","crossref-lst-title":"Listing","crossref-thm-title":"Theorem","crossref-lem-title":"Lemma","crossref-cor-title":"Corollary","crossref-prp-title":"Proposition","crossref-cnj-title":"Conjecture","crossref-def-title":"Definition","crossref-exm-title":"Example","crossref-exr-title":"Exercise","crossref-ch-prefix":"Chapter","crossref-apx-prefix":"Appendix","crossref-sec-prefix":"Section","crossref-eq-prefix":"Equation","crossref-lof-title":"List of Figures","crossref-lot-title":"List of Tables","crossref-lol-title":"List of Listings","environment-proof-title":"Proof","environment-remark-title":"Remark","environment-solution-title":"Solution","listing-page-order-by":"Order By","listing-page-order-by-default":"Default","listing-page-order-by-date-asc":"Oldest","listing-page-order-by-date-desc":"Newest","listing-page-order-by-number-desc":"High to Low","listing-page-order-by-number-asc":"Low to High","listing-page-field-date":"Date","listing-page-field-title":"Title","listing-page-field-description":"Description","listing-page-field-author":"Author","listing-page-field-filename":"File Name","listing-page-field-filemodified":"Modified","listing-page-field-subtitle":"Subtitle","listing-page-field-readingtime":"Reading Time","listing-page-field-wordcount":"Word Count","listing-page-field-categories":"Categories","listing-page-minutes-compact":"{0} min","listing-page-category-all":"All","listing-page-no-matches":"No matching items","listing-page-words":"{0} words","listing-page-filter":"Filter","draft":"Draft"},"metadata":{"lang":"en","fig-responsive":true,"quarto-version":"1.7.32","knitr":{"opts_knit":{"verbose":false}},"callout-appearance":"default","theme":{"light":"lumen","dark":"superhero"},"toc-location":"right","toc-title":"Contents","title":"Julia resources","author":"Mattias Villani","editor":"visual"},"extensions":{"book":{"multiFile":true}}}},"projectFormats":["html"]}