{"title":"Probabilistic Programming in Turing.jl","markdown":{"yaml":{"title":"Probabilistic Programming in Turing.jl","author":"Mattias Villani","editor":"visual"},"headingText":"IID normal model","containsRefs":false,"markdown":"\n\n\n$$\nX_1,\\ldots,X_n \\vert \\mu, \\sigma^2 \\overset{iid}{\\sim} N(\\mu, \\sigma^2)\n$$\n\nPrior\n\n$$\n\\sigma^2 \\sim \\chi^2(\\nu_0, \\sigma_0^2)\n$$\n\n$$\n\\mu \\vert \\sigma^2 \\sim N\\Big(\\mu_0, \\frac{\\sigma^2}{\\kappa_0}\\Big)\n$$\n\n```{julia}\nusing Turing, Plots, LaTeXStrings\n\nScaledInverseChiSq(ν,τ²) = InverseGamma(ν/2,ν*τ²/2) # Scaled Inv-χ² distribution\n\n# Setting up the Turing model:\n@model function iidnormal(x, μ₀, κ₀, ν₀, σ²₀)\n    σ² ~ ScaledInverseChiSq(ν₀, σ²₀)\n    θ ~ Normal(μ₀, √(σ²/κ₀))  # prior\n    n = length(x)  # number of observations\n    for i in 1:n\n        x[i] ~ Normal(θ, √σ²) # model\n    end\nend\n\n# Set up the observed data\nx = [15.77,20.5,8.26,14.37,21.09]\n\n# Set up the prior\nμ₀ = 20; κ₀ = 1; ν₀ = 5; σ²₀ = 5^2\n\n# Settings of the Hamiltonian Monte Carlo (HMC) sampler.\nα = 0.8\npostdraws = sample(iidnormal(x, μ₀, κ₀, ν₀, σ²₀), NUTS(α), 10000, discard_initial = 1000)\n\np1 = histogram(postdraws.value[:,2], yaxis = false, title = L\"\\mu\")\np2 = histogram(sqrt.(postdraws.value[:,1]), yaxis = false, title = L\"\\sigma\")\nplot(p1, p2, layout = (1,2), size = (600,300))\n```\n\n#### **Poisson regression**\n\n$$\ny_i \\vert \\boldsymbol{x}_i \\sim\\mathrm{Poisson}(\\lambda_i) \\\\\n$$\n\nwith log link\n\n$$\n\\lambda_{i} =\\exp(\\boldsymbol{x}_{i}^{\\top}\\boldsymbol{\\beta})\n$$\n\nand multivariate normal prior\n\n$$\n\\boldsymbol{\\beta} \\sim N(\\boldsymbol{0}, \\tau^2 \\boldsymbol{I})\n$$\n\n![](figs/ebaydatatable.png)\n\n```{julia}\nusing Turing, CSV, Downloads, DataFrames, LinearAlgebra, LaTeXStrings, Plots\n\n# Reading and transforming the eBay data\nurl = \"https://github.com/mattiasvillani/BayesianLearningBook/raw/main/data/ebaybids/ebaybids.csv\" \ndf = CSV.read(Downloads.download(url), DataFrame)\nn = size(df,1)\ny = df[:,:NBidders]\nX = [ones(n,1) log.(df.BookVal) .- mean(log.(df.BookVal)) df.ReservePriceFrac .- mean(df.ReservePriceFrac) df.MinorBlem df.MajorBlem  df.NegFeedback df.PowerSeller df.IDSeller df.Sealed]\n\nvarnames = [\"intercept\", \"logbook\", \"startprice\", \"minblemish\", \"majblemish\",    \n      \"negfeedback\", \"powerseller\", \"verified\", \"sealed\"]\n```\n\nThe Poisson regression with its prior is set up as Turing.jl using the @model macro:\n\n```{julia}\n# Setting up the poisson regression model\n@model function poissonReg(y, X, τ)\n    p = size(X,2)\n    β ~ filldist(Normal(0, τ), p)  # all βⱼ are iid Normal(0, τ)\n    λ = exp.(X*β)\n    n = length(y)  \n    for i in 1:n\n        y[i] ~ Poisson(λ[i]) \n    end\nend\n```\n\n```{julia}\n# HMC sampling from posterior\np = size(X, 2)\nμ = zeros(p)    # Prior mean\nτ = 10          # Prior standard deviation Σ = τ²I\nα = 0.70        # target acceptance probability in NUTS sampler\nmodel = poissonReg(y, X, τ)\nchain = sample(model, NUTS(α), 10000, discard_initial = 1000, verbose = false)\nrateratio = exp.(chain.value) # exp(β) is the incidence rate ratio\n\ngr(grid = false)\nh = []\nfor i = 1:p\n    ptmp = histogram(rateratio[:,i], nbins = 50, fillcolor = :steelblue, linecolor = nothing, \n        normalize = true, title = varnames[i], xlab = L\"\\exp(\\beta_{%$(i-1)})\", \n        yaxis = false, fillopacity = 0.5, label = \"\")    \n    push!(h, ptmp)\nend\nplot(h..., size = (600,600), legend = :right)\n```\n\nExtensions to more complex models is easy. Negative binomial regression\n\n$$\ny_{i}\\vert\\boldsymbol{x}_{i} \\sim\\mathrm{NegBinomial}\\left(\\psi,p=\\frac{\\psi}{\\psi+\\lambda_{i}}\\right),\\quad\\lambda_{i}=\\exp(\\boldsymbol{x}_{i}^{\\top}\\boldsymbol{\\beta})\n$$\n\n``` julia\n# Negative binomial regression \n@model function negbinomialReg(y, X, τ, μ₀, σ₀)\n    p = size(X,2)\n    β ~ filldist(Normal(0, τ), p)  # all βⱼ are iid Normal(0, τ)\n    λ = exp.(X*β)\n    ψ ~ LogNormal(μ₀, σ₀)             # log of overdispersion parameter\n    n = length(y)  \n    for i in 1:n\n        y[i] ~ NegativeBinomial(ψ, ψ/(ψ + λ[i])) # mean is λ here, but var = λ(1 + λ/ψ) \n    end\nend\n\nμ₀ = 0   # Prior mean of log(ψ), where ψ is the overdispersion parameter\nσ₀ = 10  \nα = 0.70  # target acceptance probability in NUTS sampler\nmodel = negbinomialReg(y, X, τ, μ₀, σ₀)\nchain = sample(model, NUTS(α), 10000, discard_initial = 1000)\nrateratio = exp.(chain.value)\n```\n\n![](figs/ebay_negbin_overdispersion.png){width=\"500\"}\n\n#### Variational inference in Turing.jl\n\n``` julia\n# Variational inference assuming posterior is independent normals\nnSamples = 10\nnGradSteps = 1000\napprox_post = vi(model, ADVI(nSamples, nGradSteps)) # error when I try it now.\napprox_post.dist.m # mean of variational approximation\napprox_post.dist.σ # stdev of variational approximation\nβsample = rand(approx_post, 10000)\n```\n\n![](figs/ebay_post_meanratio_vs_advi.png){width=\"800\"}\n","srcMarkdownNoYaml":"\n\n#### IID normal model\n\n$$\nX_1,\\ldots,X_n \\vert \\mu, \\sigma^2 \\overset{iid}{\\sim} N(\\mu, \\sigma^2)\n$$\n\nPrior\n\n$$\n\\sigma^2 \\sim \\chi^2(\\nu_0, \\sigma_0^2)\n$$\n\n$$\n\\mu \\vert \\sigma^2 \\sim N\\Big(\\mu_0, \\frac{\\sigma^2}{\\kappa_0}\\Big)\n$$\n\n```{julia}\nusing Turing, Plots, LaTeXStrings\n\nScaledInverseChiSq(ν,τ²) = InverseGamma(ν/2,ν*τ²/2) # Scaled Inv-χ² distribution\n\n# Setting up the Turing model:\n@model function iidnormal(x, μ₀, κ₀, ν₀, σ²₀)\n    σ² ~ ScaledInverseChiSq(ν₀, σ²₀)\n    θ ~ Normal(μ₀, √(σ²/κ₀))  # prior\n    n = length(x)  # number of observations\n    for i in 1:n\n        x[i] ~ Normal(θ, √σ²) # model\n    end\nend\n\n# Set up the observed data\nx = [15.77,20.5,8.26,14.37,21.09]\n\n# Set up the prior\nμ₀ = 20; κ₀ = 1; ν₀ = 5; σ²₀ = 5^2\n\n# Settings of the Hamiltonian Monte Carlo (HMC) sampler.\nα = 0.8\npostdraws = sample(iidnormal(x, μ₀, κ₀, ν₀, σ²₀), NUTS(α), 10000, discard_initial = 1000)\n\np1 = histogram(postdraws.value[:,2], yaxis = false, title = L\"\\mu\")\np2 = histogram(sqrt.(postdraws.value[:,1]), yaxis = false, title = L\"\\sigma\")\nplot(p1, p2, layout = (1,2), size = (600,300))\n```\n\n#### **Poisson regression**\n\n$$\ny_i \\vert \\boldsymbol{x}_i \\sim\\mathrm{Poisson}(\\lambda_i) \\\\\n$$\n\nwith log link\n\n$$\n\\lambda_{i} =\\exp(\\boldsymbol{x}_{i}^{\\top}\\boldsymbol{\\beta})\n$$\n\nand multivariate normal prior\n\n$$\n\\boldsymbol{\\beta} \\sim N(\\boldsymbol{0}, \\tau^2 \\boldsymbol{I})\n$$\n\n![](figs/ebaydatatable.png)\n\n```{julia}\nusing Turing, CSV, Downloads, DataFrames, LinearAlgebra, LaTeXStrings, Plots\n\n# Reading and transforming the eBay data\nurl = \"https://github.com/mattiasvillani/BayesianLearningBook/raw/main/data/ebaybids/ebaybids.csv\" \ndf = CSV.read(Downloads.download(url), DataFrame)\nn = size(df,1)\ny = df[:,:NBidders]\nX = [ones(n,1) log.(df.BookVal) .- mean(log.(df.BookVal)) df.ReservePriceFrac .- mean(df.ReservePriceFrac) df.MinorBlem df.MajorBlem  df.NegFeedback df.PowerSeller df.IDSeller df.Sealed]\n\nvarnames = [\"intercept\", \"logbook\", \"startprice\", \"minblemish\", \"majblemish\",    \n      \"negfeedback\", \"powerseller\", \"verified\", \"sealed\"]\n```\n\nThe Poisson regression with its prior is set up as Turing.jl using the @model macro:\n\n```{julia}\n# Setting up the poisson regression model\n@model function poissonReg(y, X, τ)\n    p = size(X,2)\n    β ~ filldist(Normal(0, τ), p)  # all βⱼ are iid Normal(0, τ)\n    λ = exp.(X*β)\n    n = length(y)  \n    for i in 1:n\n        y[i] ~ Poisson(λ[i]) \n    end\nend\n```\n\n```{julia}\n# HMC sampling from posterior\np = size(X, 2)\nμ = zeros(p)    # Prior mean\nτ = 10          # Prior standard deviation Σ = τ²I\nα = 0.70        # target acceptance probability in NUTS sampler\nmodel = poissonReg(y, X, τ)\nchain = sample(model, NUTS(α), 10000, discard_initial = 1000, verbose = false)\nrateratio = exp.(chain.value) # exp(β) is the incidence rate ratio\n\ngr(grid = false)\nh = []\nfor i = 1:p\n    ptmp = histogram(rateratio[:,i], nbins = 50, fillcolor = :steelblue, linecolor = nothing, \n        normalize = true, title = varnames[i], xlab = L\"\\exp(\\beta_{%$(i-1)})\", \n        yaxis = false, fillopacity = 0.5, label = \"\")    \n    push!(h, ptmp)\nend\nplot(h..., size = (600,600), legend = :right)\n```\n\nExtensions to more complex models is easy. Negative binomial regression\n\n$$\ny_{i}\\vert\\boldsymbol{x}_{i} \\sim\\mathrm{NegBinomial}\\left(\\psi,p=\\frac{\\psi}{\\psi+\\lambda_{i}}\\right),\\quad\\lambda_{i}=\\exp(\\boldsymbol{x}_{i}^{\\top}\\boldsymbol{\\beta})\n$$\n\n``` julia\n# Negative binomial regression \n@model function negbinomialReg(y, X, τ, μ₀, σ₀)\n    p = size(X,2)\n    β ~ filldist(Normal(0, τ), p)  # all βⱼ are iid Normal(0, τ)\n    λ = exp.(X*β)\n    ψ ~ LogNormal(μ₀, σ₀)             # log of overdispersion parameter\n    n = length(y)  \n    for i in 1:n\n        y[i] ~ NegativeBinomial(ψ, ψ/(ψ + λ[i])) # mean is λ here, but var = λ(1 + λ/ψ) \n    end\nend\n\nμ₀ = 0   # Prior mean of log(ψ), where ψ is the overdispersion parameter\nσ₀ = 10  \nα = 0.70  # target acceptance probability in NUTS sampler\nmodel = negbinomialReg(y, X, τ, μ₀, σ₀)\nchain = sample(model, NUTS(α), 10000, discard_initial = 1000)\nrateratio = exp.(chain.value)\n```\n\n![](figs/ebay_negbin_overdispersion.png){width=\"500\"}\n\n#### Variational inference in Turing.jl\n\n``` julia\n# Variational inference assuming posterior is independent normals\nnSamples = 10\nnGradSteps = 1000\napprox_post = vi(model, ADVI(nSamples, nGradSteps)) # error when I try it now.\napprox_post.dist.m # mean of variational approximation\napprox_post.dist.σ # stdev of variational approximation\nβsample = rand(approx_post, 10000)\n```\n\n![](figs/ebay_post_meanratio_vs_advi.png){width=\"800\"}\n"},"formats":{"html":{"identifier":{"display-name":"HTML","target-format":"html","base-format":"html"},"execute":{"fig-width":7,"fig-height":5,"fig-format":"retina","fig-dpi":96,"df-print":"default","error":false,"eval":true,"cache":null,"freeze":"auto","echo":true,"output":true,"warning":true,"include":true,"keep-md":false,"keep-ipynb":false,"ipynb":null,"enabled":null,"daemon":null,"daemon-restart":false,"debug":false,"ipynb-filters":[],"ipynb-shell-interactivity":null,"plotly-connected":true,"engine":"jupyter","env":{"JULIA_PROJECT":"~/Dropbox/Teaching/Julia/Ecosta2025Tutorial"}},"render":{"keep-tex":false,"keep-typ":false,"keep-source":false,"keep-hidden":false,"prefer-html":false,"output-divs":true,"output-ext":"html","fig-align":"default","fig-pos":null,"fig-env":null,"code-fold":"none","code-overflow":"scroll","code-link":false,"code-line-numbers":false,"code-tools":false,"tbl-colwidths":"auto","merge-includes":true,"inline-includes":false,"preserve-yaml":false,"latex-auto-mk":true,"latex-auto-install":true,"latex-clean":true,"latex-min-runs":1,"latex-max-runs":10,"latex-makeindex":"makeindex","latex-makeindex-opts":[],"latex-tlmgr-opts":[],"latex-input-paths":[],"latex-output-dir":null,"link-external-icon":false,"link-external-newwindow":false,"self-contained-math":false,"format-resources":[],"notebook-links":true},"pandoc":{"standalone":true,"wrap":"none","default-image-extension":"png","to":"html","css":["styles.css"],"toc":true,"include-in-header":{"text":"<style>\n/* Quarto right-margin TOC container */\n#quarto-margin-sidebar {\n  position: static !important;\n  top: auto !important;\n  max-height: none !important;\n  overflow: visible !important;\n}\n/* If your build uses Bootstrap's sticky helper inside the margin sidebar */\n#quarto-margin-sidebar .sticky-top {\n  position: static !important;\n  top: auto !important;\n}\n/* Fallback for older class names */\n.toc-sidebar, .toc-column {\n  position: static !important;\n  top: auto !important;\n}\n/* Keep the TOC itself non-sticky just in case */\nnav#TOC {\n  position: static !important;\n}\n</style>\n"},"output-file":"turing.html"},"language":{"toc-title-document":"Table of contents","toc-title-website":"On this page","related-formats-title":"Other Formats","related-notebooks-title":"Notebooks","source-notebooks-prefix":"Source","other-links-title":"Other Links","code-links-title":"Code Links","launch-dev-container-title":"Launch Dev Container","launch-binder-title":"Launch Binder","article-notebook-label":"Article Notebook","notebook-preview-download":"Download Notebook","notebook-preview-download-src":"Download Source","notebook-preview-back":"Back to Article","manuscript-meca-bundle":"MECA Bundle","section-title-abstract":"Abstract","section-title-appendices":"Appendices","section-title-footnotes":"Footnotes","section-title-references":"References","section-title-reuse":"Reuse","section-title-copyright":"Copyright","section-title-citation":"Citation","appendix-attribution-cite-as":"For attribution, please cite this work as:","appendix-attribution-bibtex":"BibTeX citation:","appendix-view-license":"View License","title-block-author-single":"Author","title-block-author-plural":"Authors","title-block-affiliation-single":"Affiliation","title-block-affiliation-plural":"Affiliations","title-block-published":"Published","title-block-modified":"Modified","title-block-keywords":"Keywords","callout-tip-title":"Tip","callout-note-title":"Note","callout-warning-title":"Warning","callout-important-title":"Important","callout-caution-title":"Caution","code-summary":"Code","code-tools-menu-caption":"Code","code-tools-show-all-code":"Show All Code","code-tools-hide-all-code":"Hide All Code","code-tools-view-source":"View Source","code-tools-source-code":"Source Code","tools-share":"Share","tools-download":"Download","code-line":"Line","code-lines":"Lines","copy-button-tooltip":"Copy to Clipboard","copy-button-tooltip-success":"Copied!","repo-action-links-edit":"Edit this page","repo-action-links-source":"View source","repo-action-links-issue":"Report an issue","back-to-top":"Back to top","search-no-results-text":"No results","search-matching-documents-text":"matching documents","search-copy-link-title":"Copy link to search","search-hide-matches-text":"Hide additional matches","search-more-match-text":"more match in this document","search-more-matches-text":"more matches in this document","search-clear-button-title":"Clear","search-text-placeholder":"","search-detached-cancel-button-title":"Cancel","search-submit-button-title":"Submit","search-label":"Search","toggle-section":"Toggle section","toggle-sidebar":"Toggle sidebar navigation","toggle-dark-mode":"Toggle dark mode","toggle-reader-mode":"Toggle reader mode","toggle-navigation":"Toggle navigation","crossref-fig-title":"Figure","crossref-tbl-title":"Table","crossref-lst-title":"Listing","crossref-thm-title":"Theorem","crossref-lem-title":"Lemma","crossref-cor-title":"Corollary","crossref-prp-title":"Proposition","crossref-cnj-title":"Conjecture","crossref-def-title":"Definition","crossref-exm-title":"Example","crossref-exr-title":"Exercise","crossref-ch-prefix":"Chapter","crossref-apx-prefix":"Appendix","crossref-sec-prefix":"Section","crossref-eq-prefix":"Equation","crossref-lof-title":"List of Figures","crossref-lot-title":"List of Tables","crossref-lol-title":"List of Listings","environment-proof-title":"Proof","environment-remark-title":"Remark","environment-solution-title":"Solution","listing-page-order-by":"Order By","listing-page-order-by-default":"Default","listing-page-order-by-date-asc":"Oldest","listing-page-order-by-date-desc":"Newest","listing-page-order-by-number-desc":"High to Low","listing-page-order-by-number-asc":"Low to High","listing-page-field-date":"Date","listing-page-field-title":"Title","listing-page-field-description":"Description","listing-page-field-author":"Author","listing-page-field-filename":"File Name","listing-page-field-filemodified":"Modified","listing-page-field-subtitle":"Subtitle","listing-page-field-readingtime":"Reading Time","listing-page-field-wordcount":"Word Count","listing-page-field-categories":"Categories","listing-page-minutes-compact":"{0} min","listing-page-category-all":"All","listing-page-no-matches":"No matching items","listing-page-words":"{0} words","listing-page-filter":"Filter","draft":"Draft"},"metadata":{"lang":"en","fig-responsive":true,"quarto-version":"1.7.32","knitr":{"opts_knit":{"verbose":false}},"callout-appearance":"default","theme":{"light":"lumen","dark":"superhero"},"toc-location":"right","toc-title":"Contents","title":"Probabilistic Programming in Turing.jl","author":"Mattias Villani","editor":"visual"},"extensions":{"book":{"multiFile":true}}}},"projectFormats":["html"]}