{"title":"VS Code","markdown":{"yaml":{"title":"VS Code","author":"Mattias Villani","editor":"visual"},"headingText":"Useful commands and navigation in VS Code","containsRefs":false,"markdown":"\n\n\n-   Access the **command palette** in VS code: `Ctrl + Shift  + p`\n\n+--------+---+-------------------+---+--------------+---+--------------------------------------------------------+---+-------------------------------------------------------------------+\n| Prefix |   | Mode Name         |   | Scope        |   | Description                                            |   | Example                                                           |\n+========+===+===================+===+==============+===+========================================================+===+===================================================================+\n| `>`    |   | Command Mode      |   | Global       |   | Run VS Code commands                                   |   | `> settings`                                                      |\n|        |   |                   |   |              |   |                                                        |   |                                                                   |\n|        |   |                   |   |              |   | This is the default mode.                              |   |                                                                   |\n+--------+---+-------------------+---+--------------+---+--------------------------------------------------------+---+-------------------------------------------------------------------+\n| `@`    |   | Symbol Navigation |   | Current file |   | Navigate to symbols, optionally sort or filter by type |   | \\@ myFunc\\                                                        |\n|        |   |                   |   |              |   |                                                        |   | `@:` sorts objects by type, not by position in file like \\@ does. |\n+--------+---+-------------------+---+--------------+---+--------------------------------------------------------+---+-------------------------------------------------------------------+\n\n-   **Cycle between open files** in the editor: `Ctrl + Tab`\n\n-   **Navigate in the editor** to previous cursor positions (even between files):\n\n    -   Go back to previous cursor position: `Alt + ←`\n\n    -   Go forward to next cursor position: `Alt + →`\n\n-   Toggle visibility of the terminal area: `ctrl + j`\n\n-   **Making VS code like RStudio**'s window panes by placing the REPL in the editor area:\n\n    -   `ctrl+shift+p` to open command panel\n\n    -   Type `settings` and select the option *Preferences: Open User Settings* (not the JSON version)\n\n    -   In the *Search settings* box: type `terminal defaultlocation` to filter down to the setting that we want to change.\n\n    -   In *Terminal \\> Integrated: Default Location*, select `Editor` in the dropdown menu.\\\n        You can now move the editor around freely by drag and drop of the window.\n\n        ![](figs/vscode_rstudiostyle.png){width=\"781\"}\n\n## Useful commands in Julia for VS Code\n\n-   [Here](https://code.visualstudio.com/docs/languages/julia) is the documentation for the Julia extension.\n\n## Useful extensions\n\n-   [Julia](https://marketplace.visualstudio.com/items?itemName=julialang.language-julia) - Official support for the Julia language in VS code.\n-   [R](https://marketplace.visualstudio.com/items?itemName=REditorSupport.r) - Work with R in VS code.\n-   [Python](https://marketplace.visualstudio.com/items?itemName=ms-python.python) - Python language support.\n-   [LaTeX workshop](https://marketplace.visualstudio.com/items?itemName=James-Yu.latex-workshop) - LaTeX support in VS code.\n-   [vscode-icons](https://marketplace.visualstudio.com/items?itemName=vscode-icons-team.vscode-icons) - brings nice symbols to folders and files.\n-   [Subtle Match Brackets](https://marketplace.visualstudio.com/items?itemName=rafamel.subtle-brackets) - nicer handling of matching brackets in the editor.\n-   [Live Preview](https://marketplace.visualstudio.com/items?itemName=ms-vscode.live-server) - live preview of HTML directly in VS code.\n-   [Markdown all in one](https://marketplace.visualstudio.com/items?itemName=yzhang.markdown-all-in-one) - Markdown support in VS code.\n-   [Quarto](https://marketplace.visualstudio.com/items?itemName=quarto.quarto) - Quarto support.\n-   [Code Runner](https://marketplace.visualstudio.com/items?itemName=formulahendry.code-runner) - run code in many different languages in VS code (not needed to run Julia code however since it has its own runner in Julia for VS code extension).\n-   [Excel Viewer](https://marketplace.visualstudio.com/items?itemName=GrapeCity.gc-excelviewer) - Editors and previews for CSV files and Excel spreadsheets in Visual Studio Code.\n-   [Git Lens](https://marketplace.visualstudio.com/items?itemName=eamodio.gitlens) - supercharge your Git experience in VS code.\n-   [VS code Spotify](https://marketplace.visualstudio.com/items?itemName=shyykoserhiy.vscode-spotify) - Play music in VS code.\n","srcMarkdownNoYaml":"\n\n## Useful commands and navigation in VS Code\n\n-   Access the **command palette** in VS code: `Ctrl + Shift  + p`\n\n+--------+---+-------------------+---+--------------+---+--------------------------------------------------------+---+-------------------------------------------------------------------+\n| Prefix |   | Mode Name         |   | Scope        |   | Description                                            |   | Example                                                           |\n+========+===+===================+===+==============+===+========================================================+===+===================================================================+\n| `>`    |   | Command Mode      |   | Global       |   | Run VS Code commands                                   |   | `> settings`                                                      |\n|        |   |                   |   |              |   |                                                        |   |                                                                   |\n|        |   |                   |   |              |   | This is the default mode.                              |   |                                                                   |\n+--------+---+-------------------+---+--------------+---+--------------------------------------------------------+---+-------------------------------------------------------------------+\n| `@`    |   | Symbol Navigation |   | Current file |   | Navigate to symbols, optionally sort or filter by type |   | \\@ myFunc\\                                                        |\n|        |   |                   |   |              |   |                                                        |   | `@:` sorts objects by type, not by position in file like \\@ does. |\n+--------+---+-------------------+---+--------------+---+--------------------------------------------------------+---+-------------------------------------------------------------------+\n\n-   **Cycle between open files** in the editor: `Ctrl + Tab`\n\n-   **Navigate in the editor** to previous cursor positions (even between files):\n\n    -   Go back to previous cursor position: `Alt + ←`\n\n    -   Go forward to next cursor position: `Alt + →`\n\n-   Toggle visibility of the terminal area: `ctrl + j`\n\n-   **Making VS code like RStudio**'s window panes by placing the REPL in the editor area:\n\n    -   `ctrl+shift+p` to open command panel\n\n    -   Type `settings` and select the option *Preferences: Open User Settings* (not the JSON version)\n\n    -   In the *Search settings* box: type `terminal defaultlocation` to filter down to the setting that we want to change.\n\n    -   In *Terminal \\> Integrated: Default Location*, select `Editor` in the dropdown menu.\\\n        You can now move the editor around freely by drag and drop of the window.\n\n        ![](figs/vscode_rstudiostyle.png){width=\"781\"}\n\n## Useful commands in Julia for VS Code\n\n-   [Here](https://code.visualstudio.com/docs/languages/julia) is the documentation for the Julia extension.\n\n## Useful extensions\n\n-   [Julia](https://marketplace.visualstudio.com/items?itemName=julialang.language-julia) - Official support for the Julia language in VS code.\n-   [R](https://marketplace.visualstudio.com/items?itemName=REditorSupport.r) - Work with R in VS code.\n-   [Python](https://marketplace.visualstudio.com/items?itemName=ms-python.python) - Python language support.\n-   [LaTeX workshop](https://marketplace.visualstudio.com/items?itemName=James-Yu.latex-workshop) - LaTeX support in VS code.\n-   [vscode-icons](https://marketplace.visualstudio.com/items?itemName=vscode-icons-team.vscode-icons) - brings nice symbols to folders and files.\n-   [Subtle Match Brackets](https://marketplace.visualstudio.com/items?itemName=rafamel.subtle-brackets) - nicer handling of matching brackets in the editor.\n-   [Live Preview](https://marketplace.visualstudio.com/items?itemName=ms-vscode.live-server) - live preview of HTML directly in VS code.\n-   [Markdown all in one](https://marketplace.visualstudio.com/items?itemName=yzhang.markdown-all-in-one) - Markdown support in VS code.\n-   [Quarto](https://marketplace.visualstudio.com/items?itemName=quarto.quarto) - Quarto support.\n-   [Code Runner](https://marketplace.visualstudio.com/items?itemName=formulahendry.code-runner) - run code in many different languages in VS code (not needed to run Julia code however since it has its own runner in Julia for VS code extension).\n-   [Excel Viewer](https://marketplace.visualstudio.com/items?itemName=GrapeCity.gc-excelviewer) - Editors and previews for CSV files and Excel spreadsheets in Visual Studio Code.\n-   [Git Lens](https://marketplace.visualstudio.com/items?itemName=eamodio.gitlens) - supercharge your Git experience in VS code.\n-   [VS code Spotify](https://marketplace.visualstudio.com/items?itemName=shyykoserhiy.vscode-spotify) - Play music in VS code.\n"},"formats":{"html":{"identifier":{"display-name":"HTML","target-format":"html","base-format":"html"},"execute":{"fig-width":7,"fig-height":5,"fig-format":"retina","fig-dpi":96,"df-print":"default","error":false,"eval":true,"cache":null,"freeze":"auto","echo":true,"output":true,"warning":true,"include":true,"keep-md":false,"keep-ipynb":false,"ipynb":null,"enabled":null,"daemon":null,"daemon-restart":false,"debug":false,"ipynb-filters":[],"ipynb-shell-interactivity":null,"plotly-connected":true,"engine":"markdown","env":{"JULIA_PROJECT":"~/Dropbox/Teaching/Julia/Ecosta2025Tutorial"}},"render":{"keep-tex":false,"keep-typ":false,"keep-source":false,"keep-hidden":false,"prefer-html":false,"output-divs":true,"output-ext":"html","fig-align":"default","fig-pos":null,"fig-env":null,"code-fold":"none","code-overflow":"scroll","code-link":false,"code-line-numbers":false,"code-tools":false,"tbl-colwidths":"auto","merge-includes":true,"inline-includes":false,"preserve-yaml":false,"latex-auto-mk":true,"latex-auto-install":true,"latex-clean":true,"latex-min-runs":1,"latex-max-runs":10,"latex-makeindex":"makeindex","latex-makeindex-opts":[],"latex-tlmgr-opts":[],"latex-input-paths":[],"latex-output-dir":null,"link-external-icon":false,"link-external-newwindow":false,"self-contained-math":false,"format-resources":[],"notebook-links":true},"pandoc":{"standalone":true,"wrap":"none","default-image-extension":"png","to":"html","css":["styles.css"],"toc":true,"include-in-header":{"text":"<style>\n/* Quarto right-margin TOC container */\n#quarto-margin-sidebar {\n  position: static !important;\n  top: auto !important;\n  max-height: none !important;\n  overflow: visible !important;\n}\n/* If your build uses Bootstrap's sticky helper inside the margin sidebar */\n#quarto-margin-sidebar .sticky-top {\n  position: static !important;\n  top: auto !important;\n}\n/* Fallback for older class names */\n.toc-sidebar, .toc-column {\n  position: static !important;\n  top: auto !important;\n}\n/* Keep the TOC itself non-sticky just in case */\nnav#TOC {\n  position: static !important;\n}\n</style>\n"},"output-file":"vscode.html"},"language":{"toc-title-document":"Table of contents","toc-title-website":"On this page","related-formats-title":"Other Formats","related-notebooks-title":"Notebooks","source-notebooks-prefix":"Source","other-links-title":"Other Links","code-links-title":"Code Links","launch-dev-container-title":"Launch Dev Container","launch-binder-title":"Launch Binder","article-notebook-label":"Article Notebook","notebook-preview-download":"Download Notebook","notebook-preview-download-src":"Download Source","notebook-preview-back":"Back to Article","manuscript-meca-bundle":"MECA Bundle","section-title-abstract":"Abstract","section-title-appendices":"Appendices","section-title-footnotes":"Footnotes","section-title-references":"References","section-title-reuse":"Reuse","section-title-copyright":"Copyright","section-title-citation":"Citation","appendix-attribution-cite-as":"For attribution, please cite this work as:","appendix-attribution-bibtex":"BibTeX citation:","appendix-view-license":"View License","title-block-author-single":"Author","title-block-author-plural":"Authors","title-block-affiliation-single":"Affiliation","title-block-affiliation-plural":"Affiliations","title-block-published":"Published","title-block-modified":"Modified","title-block-keywords":"Keywords","callout-tip-title":"Tip","callout-note-title":"Note","callout-warning-title":"Warning","callout-important-title":"Important","callout-caution-title":"Caution","code-summary":"Code","code-tools-menu-caption":"Code","code-tools-show-all-code":"Show All Code","code-tools-hide-all-code":"Hide All Code","code-tools-view-source":"View Source","code-tools-source-code":"Source Code","tools-share":"Share","tools-download":"Download","code-line":"Line","code-lines":"Lines","copy-button-tooltip":"Copy to Clipboard","copy-button-tooltip-success":"Copied!","repo-action-links-edit":"Edit this page","repo-action-links-source":"View source","repo-action-links-issue":"Report an issue","back-to-top":"Back to top","search-no-results-text":"No results","search-matching-documents-text":"matching documents","search-copy-link-title":"Copy link to search","search-hide-matches-text":"Hide additional matches","search-more-match-text":"more match in this document","search-more-matches-text":"more matches in this document","search-clear-button-title":"Clear","search-text-placeholder":"","search-detached-cancel-button-title":"Cancel","search-submit-button-title":"Submit","search-label":"Search","toggle-section":"Toggle section","toggle-sidebar":"Toggle sidebar navigation","toggle-dark-mode":"Toggle dark mode","toggle-reader-mode":"Toggle reader mode","toggle-navigation":"Toggle navigation","crossref-fig-title":"Figure","crossref-tbl-title":"Table","crossref-lst-title":"Listing","crossref-thm-title":"Theorem","crossref-lem-title":"Lemma","crossref-cor-title":"Corollary","crossref-prp-title":"Proposition","crossref-cnj-title":"Conjecture","crossref-def-title":"Definition","crossref-exm-title":"Example","crossref-exr-title":"Exercise","crossref-ch-prefix":"Chapter","crossref-apx-prefix":"Appendix","crossref-sec-prefix":"Section","crossref-eq-prefix":"Equation","crossref-lof-title":"List of Figures","crossref-lot-title":"List of Tables","crossref-lol-title":"List of Listings","environment-proof-title":"Proof","environment-remark-title":"Remark","environment-solution-title":"Solution","listing-page-order-by":"Order By","listing-page-order-by-default":"Default","listing-page-order-by-date-asc":"Oldest","listing-page-order-by-date-desc":"Newest","listing-page-order-by-number-desc":"High to Low","listing-page-order-by-number-asc":"Low to High","listing-page-field-date":"Date","listing-page-field-title":"Title","listing-page-field-description":"Description","listing-page-field-author":"Author","listing-page-field-filename":"File Name","listing-page-field-filemodified":"Modified","listing-page-field-subtitle":"Subtitle","listing-page-field-readingtime":"Reading Time","listing-page-field-wordcount":"Word Count","listing-page-field-categories":"Categories","listing-page-minutes-compact":"{0} min","listing-page-category-all":"All","listing-page-no-matches":"No matching items","listing-page-words":"{0} words","listing-page-filter":"Filter","draft":"Draft"},"metadata":{"lang":"en","fig-responsive":true,"quarto-version":"1.7.32","knitr":{"opts_knit":{"verbose":false}},"callout-appearance":"default","theme":{"light":"lumen","dark":"superhero"},"toc-location":"right","toc-title":"Contents","title":"VS Code","author":"Mattias Villani","editor":"visual"},"extensions":{"book":{"multiFile":true}}}},"projectFormats":["html"]}