{"title":"Working with data","markdown":{"yaml":{"title":"Working with data","author":"Mattias Villani","editor":"visual"},"headingText":"Read and writing data in Julia","containsRefs":false,"markdown":"\n\n\nCSV files can be read with the [CSV.jl](https://csv.juliadata.org/stable/) package:\n\n```{julia}\nusing CSV, DataFrames\ntitanic = CSV.read(\"data/titanic.csv\", DataFrame);\nfirst(titanic, 3)\n```\n\n \n\n-   Use `CSV.Rows` or `CSV.Chunks` for reading only some observations at the time.\n\n-   With `StringEncodings.jl` package, `CSV` can handle other character encodings.\n\n-   Data can be read from an internet url with the help of the standard library `Downloads.jl`:\n\n```{julia}\nusing CSV, DataFrames, Downloads\nurl = \"https://github.com/mattiasvillani/Julia4Stats/raw/main/data/titanic.csv\";\nhttp_response = Downloads.download(url);\ntitanic = CSV.read(http_response, DataFrame);\nfirst(titanic, 3)\n```\n\n## Managing data\n\n![](figs/dataframes_logo.png){width=\"30\"} [DataFrames.jl](https://dataframes.juliadata.org/stable/) is the original dataframe package in Julia.\n\n-   Construct `DataFrame` (labeled matrix/table) using different approaches.\n\n```{julia}\nusing DataFrames\ndf = DataFrame(\n    name = [\"Alice\", \"Bob\", \"Charlie\"],\n    age  = [25, 30, 35],\n    score = [88, 92, 95]\n)\n```\n\n \n\n-   DataFrames.jl has some data wrangling functions like `transform`, `filter`, `combine` etc.\n\n```{julia}\ndf2 = transform(df, :age => (x -> 2x) => :age_doubled)\n```\n\nThe data frame can be modfied in place with the Julia convention to use exclamation mark (!) to denote a mutating function:\n\n```{julia}\ntransform!(df, :age => (x -> 2x) => :age_doubled)      # Modify df in place\n```\n\nWe can select a subset of the variables\n\n```{julia}\ndf_selected = select(df, :name, :age_doubled)\n```\n\nOr filter out observations:\n\n```{julia}\ndf_filtered = filter(:age => >(28), df)\n```\n\n \n\n![](figs/dataframes_logo.png){width=\"30\"} [DataFramesMeta.jl](https://juliadata.org/DataFramesMeta.jl/stable/) uses Julia macros to @chain (pipe) together data manipulations, inspired by tidyverse in R.\n\n```{julia}\nusing DataFramesMeta\ndf_extra = DataFrame(\n    name = [\"Alice\", \"Bob\", \"Diana\"],\n    city = [\"Stockholm\", \"Gothenburg\", \"Malmö\"]\n)\nresult = @chain df begin\n    @transform(:age_doubled = 2 .* :age)\n    @subset(_, :score .> 90)       # pipes to first argument, here explicitly using _\n    @select(:name, :score, :age_doubled) \n    leftjoin(df_extra, on = :name)          # normal DataFrames function\nend\n```\n\n \n\n![](figs/tidierdata_logo.png){width=\"30\"} [TidierData.jl](https://tidierorg.github.io/TidierData.jl/latest/) is a Julia re-implementation of the dplyr and tidyr packages from R.\n\n![](figs/tidier_logo.png){width=\"30\"} [Tidier.jl](https://tidierorg.github.io/Tidier.jl) is meta package, similar to the tidyverse package in R.\n\n``` julia\nusing CSV, DataFrames, Tidier\n\n# Read data from a URL using the standard library Downloads\nurl = \"https://github.com/mattiasvillani/Julia4Stats/raw/main/data/titanic.csv\";\nhttp_response = Downloads.download(url);\ntitanic = CSV.read(http_response, DataFrame)\n\n## TidierData.jl for data wrangling using @chain macro\ntitanic2 = @chain titanic begin\n    @mutate(survived = survived == 1)\n    @mutate(first_class = pclass == 1)\n    @filter(fare > 10)\n    @select(name, survived, age, sex, first_class)\nend\n```\n\n## Plots\n\n![](figs/plots_logo.png){width=\"30\"} [Plots.jl](https://docs.juliaplots.org/stable/) - a meta plotting package with many backends\n\n![](figs/makie_logo.png){width=\"30\"} [Makie.jl](https://github.com/MakieOrg/Makie.jl) - gaining popularity, advanced features\n\n![](figs/tidierplots_logo.png){width=\"30\" height=\"34\"} [TidierPlots.jl](https://tidierorg.github.io/TidierPlots.jl/latest/) - Julia implementation of R's ggplot2.\n\n![](figs/plotly_logo.png){width=\"30\"} [Plotly.jl](https://github.com/plotly/Plotly.jl) interface to the plot.ly library.\n\nand many many more.\n\nHere is an example using Plots.jl to plot the `mtcars` data from [Rdatasets.jl](https://github.com/JuliaStats/RDatasets.jl)\n\n```{julia}\nusing Plots, LaTeXStrings, RDatasets, GLM\n\nmtcars = dataset(\"datasets\", \"mtcars\")\n\n# Make a scatter plot of Horsepower vs Miles per gallon\nscatter(mtcars.HP, mtcars.MPG, \n     xlabel = \"Horsepower\", ylabel = \"Miles per gallon\",\n     title = \"MPG vs Horsepower\", label = \"Data points\", \n     legend = :topright, color = :blue)\n\n# Fit a linear model using GLM.jl\nusing GLM\nlm_model = lm(@formula(MPG ~ HP), mtcars)\n\n# Add the fitted line to the plot, note the mutating plot! function\nplot!(mtcars.HP, predict(lm_model), \n     label = \"Fitted line\", color = :red, linewidth = 2)  \n\n# Add a LaTeX string to the title\nβhat = round.(coef(lm_model), digits = 3)\nplot!(title = L\"\\beta_0 = %$(βhat[1])\"* \" and \"* L\"\\beta_1 = %$(βhat[2])\") \n```\n\n## Some random examples from my teaching\n\n![](figs/RectangleSum2DmanyBars.png){width=\"500\"}\n\n![](figs/taylorapprox2dimcontour.png){width=\"800\"}\n\n![](figs/RajanBetaPostGrid.png){width=\"800\"}\n\n![](figs/intervals.png){width=\"800\"}\n\n![](figs/Dirichlet1.png){width=\"500\"}\n\n![](figs/PikeLengthByAge.png){width=\"500\"}\n\n![](figs/bikefeeltempbyseason.png){width=\"500\"}\n\n![](figs/BayesianHistogramsDrawsDelta1_SamePlot.png){width=\"800\"}\n\n## Switching backends\n\nLet us first plot a surface in Plots.jl:\n\n```{julia}\nusing Plots, LaTeXStrings\n\n# Plot a surface with the gr backend\ngr()\nxs = range(-4, 4; length=150)\nys = range(-4, 4; length=150)\nf(x, y) = sin(x) * cos(y) * exp(-(x^2 + y^2)/8)\nPlots.surface(xs, ys, f; xlabel = L\"x\", ylabel = L\"y\", zlabel = L\"f(x,y)\", \n    legend=false, camera = (30, 60))\n```\n\nNow we switch backend to PlotlyJS to get an interactive plot where we can pan, zoom and rotate:\n\n```{julia}\nimport PlotlyJS\nplotlyjs() # swithing to plotlyjs for interactive Plots\nPlots.surface(xs, ys, f; xlabel = \"x\", ylabel = \"y\", zlabel = \"f(x,y)\", \n    legend=false, camera = (30, 60))\n```\n","srcMarkdownNoYaml":"\n\n## Read and writing data in Julia\n\nCSV files can be read with the [CSV.jl](https://csv.juliadata.org/stable/) package:\n\n```{julia}\nusing CSV, DataFrames\ntitanic = CSV.read(\"data/titanic.csv\", DataFrame);\nfirst(titanic, 3)\n```\n\n \n\n-   Use `CSV.Rows` or `CSV.Chunks` for reading only some observations at the time.\n\n-   With `StringEncodings.jl` package, `CSV` can handle other character encodings.\n\n-   Data can be read from an internet url with the help of the standard library `Downloads.jl`:\n\n```{julia}\nusing CSV, DataFrames, Downloads\nurl = \"https://github.com/mattiasvillani/Julia4Stats/raw/main/data/titanic.csv\";\nhttp_response = Downloads.download(url);\ntitanic = CSV.read(http_response, DataFrame);\nfirst(titanic, 3)\n```\n\n## Managing data\n\n![](figs/dataframes_logo.png){width=\"30\"} [DataFrames.jl](https://dataframes.juliadata.org/stable/) is the original dataframe package in Julia.\n\n-   Construct `DataFrame` (labeled matrix/table) using different approaches.\n\n```{julia}\nusing DataFrames\ndf = DataFrame(\n    name = [\"Alice\", \"Bob\", \"Charlie\"],\n    age  = [25, 30, 35],\n    score = [88, 92, 95]\n)\n```\n\n \n\n-   DataFrames.jl has some data wrangling functions like `transform`, `filter`, `combine` etc.\n\n```{julia}\ndf2 = transform(df, :age => (x -> 2x) => :age_doubled)\n```\n\nThe data frame can be modfied in place with the Julia convention to use exclamation mark (!) to denote a mutating function:\n\n```{julia}\ntransform!(df, :age => (x -> 2x) => :age_doubled)      # Modify df in place\n```\n\nWe can select a subset of the variables\n\n```{julia}\ndf_selected = select(df, :name, :age_doubled)\n```\n\nOr filter out observations:\n\n```{julia}\ndf_filtered = filter(:age => >(28), df)\n```\n\n \n\n![](figs/dataframes_logo.png){width=\"30\"} [DataFramesMeta.jl](https://juliadata.org/DataFramesMeta.jl/stable/) uses Julia macros to @chain (pipe) together data manipulations, inspired by tidyverse in R.\n\n```{julia}\nusing DataFramesMeta\ndf_extra = DataFrame(\n    name = [\"Alice\", \"Bob\", \"Diana\"],\n    city = [\"Stockholm\", \"Gothenburg\", \"Malmö\"]\n)\nresult = @chain df begin\n    @transform(:age_doubled = 2 .* :age)\n    @subset(_, :score .> 90)       # pipes to first argument, here explicitly using _\n    @select(:name, :score, :age_doubled) \n    leftjoin(df_extra, on = :name)          # normal DataFrames function\nend\n```\n\n \n\n![](figs/tidierdata_logo.png){width=\"30\"} [TidierData.jl](https://tidierorg.github.io/TidierData.jl/latest/) is a Julia re-implementation of the dplyr and tidyr packages from R.\n\n![](figs/tidier_logo.png){width=\"30\"} [Tidier.jl](https://tidierorg.github.io/Tidier.jl) is meta package, similar to the tidyverse package in R.\n\n``` julia\nusing CSV, DataFrames, Tidier\n\n# Read data from a URL using the standard library Downloads\nurl = \"https://github.com/mattiasvillani/Julia4Stats/raw/main/data/titanic.csv\";\nhttp_response = Downloads.download(url);\ntitanic = CSV.read(http_response, DataFrame)\n\n## TidierData.jl for data wrangling using @chain macro\ntitanic2 = @chain titanic begin\n    @mutate(survived = survived == 1)\n    @mutate(first_class = pclass == 1)\n    @filter(fare > 10)\n    @select(name, survived, age, sex, first_class)\nend\n```\n\n## Plots\n\n![](figs/plots_logo.png){width=\"30\"} [Plots.jl](https://docs.juliaplots.org/stable/) - a meta plotting package with many backends\n\n![](figs/makie_logo.png){width=\"30\"} [Makie.jl](https://github.com/MakieOrg/Makie.jl) - gaining popularity, advanced features\n\n![](figs/tidierplots_logo.png){width=\"30\" height=\"34\"} [TidierPlots.jl](https://tidierorg.github.io/TidierPlots.jl/latest/) - Julia implementation of R's ggplot2.\n\n![](figs/plotly_logo.png){width=\"30\"} [Plotly.jl](https://github.com/plotly/Plotly.jl) interface to the plot.ly library.\n\nand many many more.\n\nHere is an example using Plots.jl to plot the `mtcars` data from [Rdatasets.jl](https://github.com/JuliaStats/RDatasets.jl)\n\n```{julia}\nusing Plots, LaTeXStrings, RDatasets, GLM\n\nmtcars = dataset(\"datasets\", \"mtcars\")\n\n# Make a scatter plot of Horsepower vs Miles per gallon\nscatter(mtcars.HP, mtcars.MPG, \n     xlabel = \"Horsepower\", ylabel = \"Miles per gallon\",\n     title = \"MPG vs Horsepower\", label = \"Data points\", \n     legend = :topright, color = :blue)\n\n# Fit a linear model using GLM.jl\nusing GLM\nlm_model = lm(@formula(MPG ~ HP), mtcars)\n\n# Add the fitted line to the plot, note the mutating plot! function\nplot!(mtcars.HP, predict(lm_model), \n     label = \"Fitted line\", color = :red, linewidth = 2)  \n\n# Add a LaTeX string to the title\nβhat = round.(coef(lm_model), digits = 3)\nplot!(title = L\"\\beta_0 = %$(βhat[1])\"* \" and \"* L\"\\beta_1 = %$(βhat[2])\") \n```\n\n## Some random examples from my teaching\n\n![](figs/RectangleSum2DmanyBars.png){width=\"500\"}\n\n![](figs/taylorapprox2dimcontour.png){width=\"800\"}\n\n![](figs/RajanBetaPostGrid.png){width=\"800\"}\n\n![](figs/intervals.png){width=\"800\"}\n\n![](figs/Dirichlet1.png){width=\"500\"}\n\n![](figs/PikeLengthByAge.png){width=\"500\"}\n\n![](figs/bikefeeltempbyseason.png){width=\"500\"}\n\n![](figs/BayesianHistogramsDrawsDelta1_SamePlot.png){width=\"800\"}\n\n## Switching backends\n\nLet us first plot a surface in Plots.jl:\n\n```{julia}\nusing Plots, LaTeXStrings\n\n# Plot a surface with the gr backend\ngr()\nxs = range(-4, 4; length=150)\nys = range(-4, 4; length=150)\nf(x, y) = sin(x) * cos(y) * exp(-(x^2 + y^2)/8)\nPlots.surface(xs, ys, f; xlabel = L\"x\", ylabel = L\"y\", zlabel = L\"f(x,y)\", \n    legend=false, camera = (30, 60))\n```\n\nNow we switch backend to PlotlyJS to get an interactive plot where we can pan, zoom and rotate:\n\n```{julia}\nimport PlotlyJS\nplotlyjs() # swithing to plotlyjs for interactive Plots\nPlots.surface(xs, ys, f; xlabel = \"x\", ylabel = \"y\", zlabel = \"f(x,y)\", \n    legend=false, camera = (30, 60))\n```\n"},"formats":{"html":{"identifier":{"display-name":"HTML","target-format":"html","base-format":"html"},"execute":{"fig-width":7,"fig-height":5,"fig-format":"retina","fig-dpi":96,"df-print":"default","error":false,"eval":true,"cache":null,"freeze":"auto","echo":true,"output":true,"warning":true,"include":true,"keep-md":false,"keep-ipynb":false,"ipynb":null,"enabled":null,"daemon":null,"daemon-restart":false,"debug":false,"ipynb-filters":[],"ipynb-shell-interactivity":null,"plotly-connected":true,"engine":"jupyter","env":{"JULIA_PROJECT":"~/Dropbox/Teaching/Julia/Ecosta2025Tutorial"}},"render":{"keep-tex":false,"keep-typ":false,"keep-source":false,"keep-hidden":false,"prefer-html":false,"output-divs":true,"output-ext":"html","fig-align":"default","fig-pos":null,"fig-env":null,"code-fold":"none","code-overflow":"scroll","code-link":false,"code-line-numbers":false,"code-tools":false,"tbl-colwidths":"auto","merge-includes":true,"inline-includes":false,"preserve-yaml":false,"latex-auto-mk":true,"latex-auto-install":true,"latex-clean":true,"latex-min-runs":1,"latex-max-runs":10,"latex-makeindex":"makeindex","latex-makeindex-opts":[],"latex-tlmgr-opts":[],"latex-input-paths":[],"latex-output-dir":null,"link-external-icon":false,"link-external-newwindow":false,"self-contained-math":false,"format-resources":[],"notebook-links":true},"pandoc":{"standalone":true,"wrap":"none","default-image-extension":"png","to":"html","css":["styles.css"],"toc":true,"include-in-header":{"text":"<style>\n/* Quarto right-margin TOC container */\n#quarto-margin-sidebar {\n  position: static !important;\n  top: auto !important;\n  max-height: none !important;\n  overflow: visible !important;\n}\n/* If your build uses Bootstrap's sticky helper inside the margin sidebar */\n#quarto-margin-sidebar .sticky-top {\n  position: static !important;\n  top: auto !important;\n}\n/* Fallback for older class names */\n.toc-sidebar, .toc-column {\n  position: static !important;\n  top: auto !important;\n}\n/* Keep the TOC itself non-sticky just in case */\nnav#TOC {\n  position: static !important;\n}\n</style>\n"},"output-file":"workingwithdata.html"},"language":{"toc-title-document":"Table of contents","toc-title-website":"On this page","related-formats-title":"Other Formats","related-notebooks-title":"Notebooks","source-notebooks-prefix":"Source","other-links-title":"Other Links","code-links-title":"Code Links","launch-dev-container-title":"Launch Dev Container","launch-binder-title":"Launch Binder","article-notebook-label":"Article Notebook","notebook-preview-download":"Download Notebook","notebook-preview-download-src":"Download Source","notebook-preview-back":"Back to Article","manuscript-meca-bundle":"MECA Bundle","section-title-abstract":"Abstract","section-title-appendices":"Appendices","section-title-footnotes":"Footnotes","section-title-references":"References","section-title-reuse":"Reuse","section-title-copyright":"Copyright","section-title-citation":"Citation","appendix-attribution-cite-as":"For attribution, please cite this work as:","appendix-attribution-bibtex":"BibTeX citation:","appendix-view-license":"View License","title-block-author-single":"Author","title-block-author-plural":"Authors","title-block-affiliation-single":"Affiliation","title-block-affiliation-plural":"Affiliations","title-block-published":"Published","title-block-modified":"Modified","title-block-keywords":"Keywords","callout-tip-title":"Tip","callout-note-title":"Note","callout-warning-title":"Warning","callout-important-title":"Important","callout-caution-title":"Caution","code-summary":"Code","code-tools-menu-caption":"Code","code-tools-show-all-code":"Show All Code","code-tools-hide-all-code":"Hide All Code","code-tools-view-source":"View Source","code-tools-source-code":"Source Code","tools-share":"Share","tools-download":"Download","code-line":"Line","code-lines":"Lines","copy-button-tooltip":"Copy to Clipboard","copy-button-tooltip-success":"Copied!","repo-action-links-edit":"Edit this page","repo-action-links-source":"View source","repo-action-links-issue":"Report an issue","back-to-top":"Back to top","search-no-results-text":"No results","search-matching-documents-text":"matching documents","search-copy-link-title":"Copy link to search","search-hide-matches-text":"Hide additional matches","search-more-match-text":"more match in this document","search-more-matches-text":"more matches in this document","search-clear-button-title":"Clear","search-text-placeholder":"","search-detached-cancel-button-title":"Cancel","search-submit-button-title":"Submit","search-label":"Search","toggle-section":"Toggle section","toggle-sidebar":"Toggle sidebar navigation","toggle-dark-mode":"Toggle dark mode","toggle-reader-mode":"Toggle reader mode","toggle-navigation":"Toggle navigation","crossref-fig-title":"Figure","crossref-tbl-title":"Table","crossref-lst-title":"Listing","crossref-thm-title":"Theorem","crossref-lem-title":"Lemma","crossref-cor-title":"Corollary","crossref-prp-title":"Proposition","crossref-cnj-title":"Conjecture","crossref-def-title":"Definition","crossref-exm-title":"Example","crossref-exr-title":"Exercise","crossref-ch-prefix":"Chapter","crossref-apx-prefix":"Appendix","crossref-sec-prefix":"Section","crossref-eq-prefix":"Equation","crossref-lof-title":"List of Figures","crossref-lot-title":"List of Tables","crossref-lol-title":"List of Listings","environment-proof-title":"Proof","environment-remark-title":"Remark","environment-solution-title":"Solution","listing-page-order-by":"Order By","listing-page-order-by-default":"Default","listing-page-order-by-date-asc":"Oldest","listing-page-order-by-date-desc":"Newest","listing-page-order-by-number-desc":"High to Low","listing-page-order-by-number-asc":"Low to High","listing-page-field-date":"Date","listing-page-field-title":"Title","listing-page-field-description":"Description","listing-page-field-author":"Author","listing-page-field-filename":"File Name","listing-page-field-filemodified":"Modified","listing-page-field-subtitle":"Subtitle","listing-page-field-readingtime":"Reading Time","listing-page-field-wordcount":"Word Count","listing-page-field-categories":"Categories","listing-page-minutes-compact":"{0} min","listing-page-category-all":"All","listing-page-no-matches":"No matching items","listing-page-words":"{0} words","listing-page-filter":"Filter","draft":"Draft"},"metadata":{"lang":"en","fig-responsive":true,"quarto-version":"1.7.32","knitr":{"opts_knit":{"verbose":false}},"callout-appearance":"default","theme":{"light":"lumen","dark":"superhero"},"toc-location":"right","toc-title":"Contents","title":"Working with data","author":"Mattias Villani","editor":"visual"},"extensions":{"book":{"multiFile":true}}}},"projectFormats":["html"]}