{"chunk_definitions":[{"row":72,"row_count":1,"visible":true,"expansion_state":0,"options":{"engine":"julia","label":"unnamed-chunk-21","dev":"png"},"document_id":"EC98E1FE","chunk_id":"cpx8g99nex8tz","chunk_label":"unnamed-chunk-7"},{"row":90,"row_count":1,"visible":true,"expansion_state":0,"options":{"engine":"julia","label":"unnamed-chunk-22","dev":"png"},"document_id":"4AB2939A","chunk_id":"cx9quo5yzehco","chunk_label":"unnamed-chunk-8"},{"row":170,"row_count":1,"visible":true,"expansion_state":0,"options":{"engine":"julia","label":"unnamed-chunk-30","dev":"png"},"document_id":"4AB2939A","chunk_id":"cn8w793nz750v","chunk_label":"unnamed-chunk-10"}],"doc_write_time":1755178266}