{"chunk_definitions":[{"row":44,"row_count":1,"visible":true,"expansion_state":0,"options":{"engine":"julia","label":"unnamed-chunk-32","dev":"png"},"document_id":"EC98E1FE","chunk_id":"c44opnbts33nh","chunk_label":"unnamed-chunk-2"},{"row":48,"row_count":1,"visible":true,"expansion_state":0,"options":{"engine":"julia","label":"unnamed-chunk-33","dev":"png"},"document_id":"EC98E1FE","chunk_id":"cwgga95akfmen","chunk_label":"unnamed-chunk-3"},{"row":54,"row_count":1,"visible":true,"expansion_state":0,"options":{"engine":"julia","label":"unnamed-chunk-34","dev":"png"},"document_id":"EC98E1FE","chunk_id":"ctuvj8hlcjc4x","chunk_label":"unnamed-chunk-4"},{"row":60,"row_count":1,"visible":true,"expansion_state":0,"options":{"engine":"julia","label":"unnamed-chunk-35","dev":"png"},"document_id":"EC98E1FE","chunk_id":"cifoogf3vd0nu","chunk_label":"unnamed-chunk-5"},{"row":66,"row_count":1,"visible":true,"expansion_state":0,"options":{"engine":"julia","label":"unnamed-chunk-9","dev":"png"},"document_id":"EC98E1FE","chunk_id":"cpx8g99nex8tz","chunk_label":"unnamed-chunk-6"},{"row":82,"row_count":1,"visible":true,"expansion_state":0,"options":{"engine":"julia","label":"unnamed-chunk-36","dev":"png"},"document_id":"EC98E1FE","chunk_id":"cu31hdy377n55","chunk_label":"unnamed-chunk-7"},{"row":27,"row_count":1,"visible":true,"expansion_state":0,"options":{"engine":"julia","label":"unnamed-chunk-39","dev":"png"},"document_id":"EC98E1FE","chunk_id":"cl8ros3wym4tg","chunk_label":"unnamed-chunk-1"}],"doc_write_time":1755123725}